schulnummer;bezirk;schulart;schule;strasse;plz;aktueller status;standort beauftragt;begehung ;tiefbau ;aktive technik verbaut ;anschluss nutzbar
01A04;Mitte;A;Berlin-Kolleg;Turmstr. 75;10115;Anschluss nutzbar;Ja;15.07.2022;21.08.2023;28.09.2023;Ja
01G01;Mitte;G;Grundschule am Arkonaplatz;Ruppiner Str. 47-48;10115;Anschluss nutzbar;Ja;13.07.2022;23.11.2022;23.08.2023;Ja
01G02;Mitte;G;Papageno-Grundschule;Bergstr. 58;10115;Anschluss nutzbar;Ja;05.08.2022;17.07.2023;25.10.2023;Ja
01G04;Mitte;G;Kastanienbaum-Grundschule;Gipsstr. 23 A;10119;Anschluss nutzbar;Ja;11.07.2022;25.08.2022;27.03.2024;Ja
01G05;Mitte;G;Grundschule Neues Tor;Hannoversche Str. 20;10115;Anschluss nutzbar;Ja;05.08.2022;07.03.2023;11.10.2023;Ja
01G08;Mitte;G;Grundschule am Brandenburger Tor;Wilhelmstr. 52;10117;Anschluss nutzbar;Ja;27.06.2022;17.02.2023;12.04.2023;Ja
01G10;Mitte;G;City-Grundschule;Sebastianstr. 57;10179;Anschluss nutzbar;Ja;31.08.2022;30.08.2023;20.10.2023;Ja
01G11;Mitte;G;Kurt-Tucholsky-Grundschule;Rathenower Str. 18;10559;Anschluss nutzbar;Ja;09.08.2022;25.10.2023;09.01.2024;Ja
01G15;Mitte;G;Anne-Frank-Grundschule;Paulstr. 20 B;10557;Anschluss nutzbar;Ja;12.07.2022;17.01.2023;11.10.2023;Ja
01G16;Mitte;G;Moabiter Grundschule;Paulstr. 28;10557;Anschluss nutzbar;Ja;12.05.2022;09.03.2023;30.03.2023;Ja
01G18;Mitte;G;Carl-Bolle-Grundschule;Waldenserstr. 20-21;10551;Anschluss nutzbar;Ja;31.08.2022;15.02.2023;03.05.2023;Ja
01G19;Mitte;G;Hansa-Grundschule;Lessingstr. 5;10555;Anschluss nutzbar;Ja;11.08.2022;20.06.2023;17.07.2023;Ja
01G24;Mitte;G;Gottfried-Röhl-Grundschule;Ungarnstr. 75;13349;Anschluss nutzbar;Ja;31.08.2022;25.04.2023;01.07.2024;Ja
01G25;Mitte;G;Rudolf-Wissell-Grundschule;Ellerbeker Str. 7-8;13357;Anschluss nutzbar;Ja;31.08.2022;05.07.2023;09.08.2023;Ja
01G27;Mitte;G;Gesundbrunnen-Grundschule;Prinzenallee 8;13357;Anschluss nutzbar;Ja;28.06.2022;19.07.2023;12.08.2024;Ja
01G28;Mitte;G;Brüder-Grimm-Grundschule;Tegeler Str. 18-19;13353;Anschluss nutzbar;Ja;08.07.2022;09.09.2022;20.04.2023;Ja
01G29;Mitte;G;Wilhelm-Hauff-Grundschule;Gotenburger Str. 8;13359;Anschluss nutzbar;Ja;14.07.2022;24.07.2024;06.11.2024;Ja
01G31;Mitte;G;Wedding-Grundschule;Antonstr. 10;13347;Anschluss nutzbar;Ja;14.07.2022;21.03.2024;30.05.2024;Ja
01G32;Mitte;G;Carl-Kraemer-Grundschule;Zechliner Str. 4;13359;Aktive Technik verbaut ohne IHVK;Ja;15.07.2022;05.02.2025;27.05.2025;Nein
01G35;Mitte;G;Humboldthain-Grundschule;Grenzstr. 7;13355;Anschluss nutzbar;Ja;28.06.2022;02.12.2022;24.03.2023;Ja
01G36;Mitte;G;Andersen-Grundschule;Kattegatstr. 26;13359;Anschluss nutzbar;Ja;14.07.2022;28.01.2023;30.09.2024;Ja
01G38;Mitte;G;Gustav-Falke-Grundschule;Strelitzer Str. 42;13355;Anschluss nutzbar;Ja;14.07.2022;03.11.2022;08.04.2024;Ja
01G39;Mitte;G;Vineta-Grundschule;Demminer Str. 27;13355;Aktive Technik verbaut;Ja;14.07.2022;04.04.2023;11.05.2023;Nein
01G40;Mitte;G;Möwensee-Grundschule;Afrikanische Str. 123-125;13351;Aktive Technik verbaut;Ja;17.08.2022;10.11.2023;11.01.2024;Nein
01G41;Mitte;G;Erika-Mann-Grundschule;Utrechter Str. 25-27;13347;Anschluss nutzbar;Ja;15.07.2022;14.08.2023;19.09.2023;Ja
01G43;Mitte;G;Albert-Gutzmann-Schule (Grundschule);Orthstr. 1;13357;Anschluss nutzbar;Ja;31.08.2022;17.08.2023;22.09.2023;Ja
01G44;Mitte;G;Allegro-Grundschule;Lützowstr. 83-85;10785;Anschluss nutzbar;Ja;27.08.2022;28.11.2022;04.04.2023;Ja
01G45;Mitte;G;Leo-Lionni-Grundschule;Müllerstr. 158;13353;Anschluss nutzbar;Ja;13.07.2022;29.09.2022;13.02.2023;Ja
01G46;Mitte;G;Grundschule am Koppenplatz;Koppenplatz 12;10115;Anschluss nutzbar;Ja;19.05.2022;14.09.2022;31.05.2023;Ja
01G46b;Mitte;G;Grundschule am Koppenplatz;Bergstr. 5-9;10115;Anschluss nutzbar;Ja;11.07.2022;14.06.2023;14.09.2023;Ja
01G46c;Mitte;G;Grundschule am Koppenplatz;Auguststr. 21;10117;Anschluss nutzbar;Ja;13.07.2022;14.06.2023;20.09.2023;Ja
01G47;Mitte;G;Miriam-Makeba-Grundschule;Zinzendorfstr. 15-16;10555;Anschluss nutzbar;Ja;12.07.2022;01.02.2023;07.08.2023;Ja
01G48;Mitte;G;48.Grundschule / Grundschule am Nordhafen;Chausseestr. 82 / Boyenstraße 1-9;13353;Anschluss nutzbar;Ja;17.01.2022;28.01.2022;13.04.2022;Ja
01K01;Mitte;K;Willy-Brandt-Schule;Grüntaler Str. 5;13357;Anschluss nutzbar;Ja;15.07.2022;26.07.2023;22.08.2023;Ja
01K02;Mitte;K;Ernst-Schering-Schule;Lütticher Str. 47-48;13353;Anschluss nutzbar;Ja;11.08.2022;17.05.2023;30.08.2023;Ja
01K04;Mitte;K;Heinrich-von-Stephan-Gemeinschaftsschule;Neues Ufer 6;10553;Anschluss nutzbar;Ja;08.07.2022;23.11.2022;17.08.2023;Ja
01K06;Mitte;K;Herbert-Hoover-Schule (Integrierte Sekundarschule);Pankstr. 18-19;13357;Aktive Technik verbaut;Ja;11.08.2022;06.06.2023;25.01.2024;Nein
01K08;Mitte;K;Schule am Schillerpark (Integrierte Sekundarschule);Ofener Str. 6;13349;Anschluss nutzbar;Ja;13.07.2022;21.03.2023;08.05.2023;Ja
01K09;Mitte;K;Hedwig-Dohm-Schule (Integrierte Sekundarschule);Stephanstr. 27;10559;Anschluss nutzbar;Ja;09.08.2022;19.04.2023;15.05.2023;Ja
01K10;Mitte;K;Theodor-Heuss-Gemeinschaftsschule;Quitzowstr. 141;10559;Anschluss nutzbar;Ja;09.08.2022;22.05.2023;30.08.2023;Ja
01K10b;Mitte;K;Theodor-Heuss-Gemeinschaftsschule;Siemensstr. 20;10551;Anschluss nutzbar;Ja;08.07.2022;23.09.2022;15.11.2023;Ja
01S01;Mitte;S;Schule am Zille-Park;Ravenéstr. 10-12;13347;Anschluss nutzbar;Ja;29.06.2022;19.08.2022;14.10.2024;Ja
01S07;Mitte;S;Charlotte-Pfeffer-Schule;Berolinastr. 8;10178;Anschluss nutzbar;Ja;11.08.2022;30.10.2023;12.12.2023;Ja
01Y02;Mitte;Y;John-Lennon-Gymnasium;Zehdenicker Str. 17;10119;Anschluss nutzbar;Ja;19.05.2022;19.08.2022;10.02.2023;Ja
01Y09;Mitte;Y;Diesterweg-Gymnasium;Böttgerstr. 2-6;13357;Anschluss nutzbar;Ja;28.06.2022;28.10.2022;08.02.2023;Ja
01Y11;Mitte;Y;Max-Planck-Gymnasium;Singerstr. 8 A;10179;Anschluss nutzbar;Ja;19.05.2022;28.09.2022;25.07.2023;Ja
01Y12;Mitte;Y;Gymnasium Tiergarten;Altonaer Str. 26;10555;Anschluss nutzbar;Ja;11.08.2022;18.11.2022;07.02.2023;Ja
02G01;Friedrichshain-Kreuzberg;G;Spartacus-Grundschule;Friedenstr. 40-45;10249;Anschluss nutzbar;Ja;04.07.2022;21.12.2022;06.09.2024;Ja
02G02;Friedrichshain-Kreuzberg;G;Hausburg-Grundschule;Hausburgstr. 20;10249;Anschluss nutzbar;Ja;13.01.2023;20.01.2023;11.05.2023;Ja
02G02b;Friedrichshain-Kreuzberg;G;Hausburg-Grundschule;Otto-Ostrowski-Str. 44;10249;Anschluss nutzbar;Ja;16.02.2023;26.04.2024;17.05.2024;Ja
02G03;Friedrichshain-Kreuzberg;G;Justus-von-Liebig-Grundschule;Liebigstr. 18A;10247;Anschluss nutzbar;Ja;01.12.2022;22.04.2024;11.09.2024;Ja
02G04;Friedrichshain-Kreuzberg;G;Pettenkofer-Grundschule;Pettenkoferstr. 20-24;10247;Anschluss nutzbar;Ja;29.11.2022;29.06.2023;30.10.2024;Ja
02G07;Friedrichshain-Kreuzberg;G;Ludwig-Hoffmann-Grundschule;Lasdehner Str. 21-23;10243;Anschluss nutzbar;Ja;16.02.2023;18.03.2024;26.09.2024;Ja
02G08;Friedrichshain-Kreuzberg;G;Grundschule am Traveplatz;Jessnerstr. 24-32;10247;Anschluss nutzbar;Ja;10.11.2022;28.11.2024;19.12.2024;Ja
02G09;Friedrichshain-Kreuzberg;G;Zille-Grundschule;Boxhagener Str. 46;10245;Aktive Technik in Planung;Ja;10.11.2022;21.08.2023;;Nein
02G11;Friedrichshain-Kreuzberg;G;Thalia-Grundschule;Alt-Stralau 34;10245;Anschluss nutzbar;Ja;10.11.2022;29.06.2023;25.10.2023;Ja
02G12;Friedrichshain-Kreuzberg;G;Kurt-Schumacher-Grundschule;Puttkamerstr. 19;10969;Anschluss nutzbar;Ja;01.11.2022;09.08.2023;06.02.2024;Ja
02G13;Friedrichshain-Kreuzberg;G;Charlotte-Salomon-Grundschule;Großbeerenstr. 40;10965;Anschluss nutzbar;Ja;04.10.2022;04.04.2023;27.09.2023;Ja
02G14;Friedrichshain-Kreuzberg;G;Galilei-Grundschule;Friedrichstr. 13;10969;Anschluss nutzbar;Ja;16.02.2023;11.09.2023;23.05.2024;Ja
02G18;Friedrichshain-Kreuzberg;G;Nürtingen-Grundschule;Mariannenplatz 28;10997;Anschluss nutzbar;Ja;25.10.2022;03.01.2023;09.01.2024;Ja
02G19;Friedrichshain-Kreuzberg;G;Fanny-Hensel-Grundschule;Schöneberger Str. 24;10963;Anschluss nutzbar;Ja;01.11.2022;09.08.2023;13.11.2023;Ja
02G20;Friedrichshain-Kreuzberg;G;Bürgermeister-Herz-Grundschule;Wilmsstr. 10;10961;Anschluss nutzbar;Ja;12.07.2022;17.10.2022;17.12.2024;Ja
02G21;Friedrichshain-Kreuzberg;G;Reinhardswald-Grundschule;Gneisenaustr. 73-74;10961;Anschluss nutzbar;Ja;04.10.2022;03.01.2023;15.10.2024;Ja
02G22;Friedrichshain-Kreuzberg;G;Jens-Nydahl-Grundschule;Kohlfurter Str. 20;10999;Anschluss nutzbar;Ja;16.02.2023;27.06.2023;24.05.2024;Ja
02G23;Friedrichshain-Kreuzberg;G;Fichtelgebirge-Grundschule;Görlitzer Ufer 2;10997;Anschluss nutzbar;Ja;18.10.2022;27.04.2023;05.07.2023;Ja
02G26;Friedrichshain-Kreuzberg;G;Lemgo-Grundschule;Böckhstr. 5;10967;Aktive Technik verbaut ohne IHVK;Ja;18.10.2022;16.12.2022;22.10.2024;Nein
02G29;Friedrichshain-Kreuzberg;G;Heinrich-Zille-Grundschule;Waldemarstr. 118;10997;Anschluss nutzbar;Ja;25.10.2022;21.08.2023;28.05.2025;Ja
02G29b;Friedrichshain-Kreuzberg;G;Heinrich-Zille-Grundschule;Lausitzer Platz 9;10997;Anschluss nutzbar;Ja;25.10.2022;27.12.2023;02.05.2024;Ja
02G32;Friedrichshain-Kreuzberg;G;Clara-Grunwald-Grundschule;Hallesche Str. 24;10963;Anschluss nutzbar;Ja;01.11.2022;23.08.2023;15.02.2024;Ja
02G33;Friedrichshain-Kreuzberg;G;Aziz-Nesin-Grundschule;Urbanstr. 15;10961;Anschluss nutzbar;Ja;30.11.2022;14.03.2023;30.10.2023;Ja
02G34;Friedrichshain-Kreuzberg;G;Jane-Goodall-Grundschule;Scharnweberstr. 19;10247;Aktive Technik in Planung;Ja;04.07.2022;02.10.2025;;Nein
02G35;Friedrichshain-Kreuzberg;G;Rosa-Parks-Grundschule;Reichenberger Str. 65;10999;Anschluss nutzbar;Ja;18.10.2022;13.01.2023;23.07.2024;Ja
02G36;Friedrichshain-Kreuzberg;G;Blumen-Grundschule;Andreasstr. 50;10243;Anschluss nutzbar;Ja;22.11.2022;07.08.2025;28.08.2025;Ja
02G37;Friedrichshain-Kreuzberg;G;Spartacus-Grundschule;Pufendorfstr. 10;10249;Aktive Technik verbaut;Ja;01.12.2022;25.08.2023;06.03.2024;Nein
02K01;Friedrichshain-Kreuzberg;K;Ellen-Key-Schule;Rüdersdorfer Str. 20-28;10243;Anschluss nutzbar;Ja;04.07.2022;16.09.2022;10.08.2023;Ja
02K02;Friedrichshain-Kreuzberg;K;Carl-von-Ossietzky-Schule (Gemeinschaftsschule);Blücherstr. 46 -47;10961;Anschluss nutzbar;Ja;11.10.2022;20.01.2023;04.04.2024;Ja
02K03;Friedrichshain-Kreuzberg;K;Hector-Peterson-Schule;Tempelhofer Ufer 15;10963;Anschluss nutzbar;Ja;04.10.2022;29.06.2023;15.12.2023;Ja
02K04;Friedrichshain-Kreuzberg;K;Lina-Morgenstern-Schule (Gemeinschaftsschule);Gneisenaustr. 7;10961;Anschluss nutzbar;Ja;01.12.2022;03.01.2023;12.06.2024;Ja
02K04c;Friedrichshain-Kreuzberg;K;Lina-Morgenstern-Schule (Gemeinschaftsschule);Nostitzstr. 60;10961;Aktive Technik verbaut;Ja;16.02.2023;22.04.2024;12.09.2024;Nein
02K05;Friedrichshain-Kreuzberg;K;Schule am Königstor (Integrierte Sekundarschule);Weinstr. 3;10249;Anschluss nutzbar;Ja;29.11.2022;12.12.2023;24.04.2024;Ja
02K06;Friedrichshain-Kreuzberg;K;Emanuel-Lasker;Modersohnstr. 53;10245;Aktive Technik verbaut;Ja;04.04.2022;14.04.2022;10.05.2022;Nein
02K08;Friedrichshain-Kreuzberg;K;Refik-Veseli-Schule (Integrierte Sekundarschule);Skalitzer Str. 55;10997;Anschluss nutzbar;Ja;12.07.2022;10.06.2023;19.07.2023;Ja
02K08b;Friedrichshain-Kreuzberg;K;Refik-Veseli-Schule (Integrierte Sekundarschule);Fraenkelufer 18;10999;Aktive Technik in Planung;Ja;12.07.2022;27.06.2023;;Nein
02K09;Friedrichshain-Kreuzberg;K;Albrecht-von-Graefe-Schule (Integrierte Sekundarschule);Graefestr. 85;10967;Anschluss nutzbar;Ja;18.10.2022;02.04.2024;12.06.2024;Ja
02K10;Friedrichshain-Kreuzberg;K;Ferdinand-Freiligrath-Schule (Integrierte Sekundarschule);Bergmannstr. 64;10961;Anschluss nutzbar;Ja;25.10.2022;17.06.2024;17.09.2024;Ja
02S01;Friedrichshain-Kreuzberg;S;Temple-Grandin-Schule;Lasdehner Str. 19;10243;Anschluss nutzbar;Ja;22.11.2022;18.03.2024;26.09.2024;Ja
02S01b;Friedrichshain-Kreuzberg;S;Temple-Grandin-Schule;Marchlewskistraße 25D;10243;Aktive Technik verbaut;Ja;22.11.2022;06.05.2024;04.06.2024;Nein
02S02;Friedrichshain-Kreuzberg;S;Gustav-Meyer-Schule;Kohlfurter Str. 22;10999;Anschluss nutzbar;Ja;11.10.2022;18.01.2023;25.10.2023;Ja
02S03;Friedrichshain-Kreuzberg;S;Margarethe-von-Witzleben-Schule;Palisadenstr. 76-77;10243;Anschluss nutzbar;Ja;16.02.2023;29.06.2023;25.10.2023;Ja
02S03b;Friedrichshain-Kreuzberg;S;Margarethe-von-Witzleben-Schule;Diestelmeyerstr. 6;10249;Anschluss nutzbar;Ja;16.02.2023;22.08.2023;18.03.2024;Ja
02Y01;Friedrichshain-Kreuzberg;Y;Andreas-Gymnasium;Koppenstr. 76;10243;Anschluss nutzbar;Ja;01.12.2022;17.10.2024;03.04.2025;Ja
02Y03;Friedrichshain-Kreuzberg;Y;Heinrich-Hertz-Gymnasium;Rigaer Str. 81-82;10247;Anschluss nutzbar;Ja;16.02.2023;20.01.2023;04.10.2023;Ja
02Y04;Friedrichshain-Kreuzberg;Y;Georg-Friedrich-Händel-Gymnasium;Frankfurter Allee 6 A;10247;Anschluss nutzbar;Ja;01.12.2022;22.04.2024;11.09.2024;Ja
02Y05;Friedrichshain-Kreuzberg;Y;Dathe-Gymnasium;Helsingforser Str. 11-13;10243;Anschluss nutzbar;Ja;29.11.2022;21.06.2023;07.06.2024;Ja
02Y06;Friedrichshain-Kreuzberg;Y;Leibniz-Gymnasium;Schleiermacherstr. 23;10961;Anschluss nutzbar;Ja;11.10.2022;04.04.2023;19.10.2023;Ja
02Y07;Friedrichshain-Kreuzberg;Y;Robert-Koch-Gymnasium;Dieffenbachstr. 60, Böckhstr. 10;10967;Anschluss nutzbar;Ja;24.11.2022;01.08.2023;31.01.2024;Ja
02Y08;Friedrichshain-Kreuzberg;Y;Hermann-Hesse-Gymnasium;Böckhstr. 16;10967;Anschluss nutzbar;Ja;24.11.2022;16.07.2024;30.07.2024;Ja
03G01;Pankow;G;Schule am Hamburger Platz (Grundschule);Gustav-Adolf-Str. 21;13086;Anschluss nutzbar;Ja;24.05.2022;15.02.2023;14.03.2023;Ja
03G02;Pankow;G;Heinrich-Roller-Grundschule;Heinrich-Roller-Str. 18;10405;Anschluss nutzbar;Ja;09.08.2022;28.01.2023;24.05.2023;Ja
03G03;Pankow;G;Grundschule am Kollwitzplatz;Knaackstr. 67;10435;Anschluss nutzbar;Ja;03.08.2022;10.03.2023;11.01.2024;Ja
03G04;Pankow;G;Grundschule an der Marie;Christburger Str. 7;10405;Anschluss nutzbar;Ja;28.06.2022;28.11.2022;23.01.2023;Ja
03G05;Pankow;G;Homer-Grundschule;Pasteurstr. 10-12;10407;Anschluss nutzbar;Ja;27.07.2022;27.09.2023;24.10.2023;Ja
03G06;Pankow;G;Bötzow-Grundschule;John-Schehr-Str. 38;10407;Anschluss nutzbar;Ja;23.08.2022;07.02.2023;15.03.2023;Ja
03G08;Pankow;G;Grundschule am Planetarium;Ella-Kay-Str. 47;10405;Anschluss nutzbar;Ja;27.07.2022;06.06.2023;19.03.2024;Ja
03G09;Pankow;G;Thomas-Mann-Grundschule;Greifenhagener Str. 58;10437;Anschluss nutzbar;Ja;29.06.2022;16.08.2023;20.09.2023;Ja
03G10;Pankow;G;Grundschule am Hohen Feld;Bedeweg 1;13125;Anschluss nutzbar;Ja;13.07.2022;16.12.2022;24.02.2023;Ja
03G11;Pankow;G;Schule am Falkplatz (Grundschule);Gleimstr. 49;10437;Anschluss nutzbar;Ja;29.06.2022;01.11.2022;04.07.2023;Ja
03G12;Pankow;G;Paul-Lincke-Grundschule;Pieskower Weg 39;10409;Anschluss nutzbar;Ja;29.07.2022;24.08.2023;18.09.2023;Ja
03G13;Pankow;G;Rudolf-Dörrier-Grundschule (heißt jetzt Grundschule in Rosenthal, alter Name jedoch in Ausschreibung);Kastanienallee 59;13158;Anschluss nutzbar;Ja;17.08.2022;11.05.2023;05.07.2023;Ja
03G14;Pankow;G;Bornholmer Grundschule;Ibsenstr. 17;10439;Anschluss nutzbar;Ja;03.08.2022;25.04.2023;31.08.2023;Ja
03G15;Pankow;G;Schule am Senefelderplatz;Schönhauser Allee 165;10435;Anschluss nutzbar;Ja;27.07.2022;02.12.2022;09.02.2023;Ja
03G16;Pankow;G;Grundschule am Teutoburger Platz;Templiner Str. 1-3;10119;Anschluss nutzbar;Ja;14.10.2022;15.02.2023;04.04.2023;Ja
03G17;Pankow;G;Grundschule am Weißen See;Amalienstr. 6;13088;Aktive Technik verbaut;Ja;19.09.2022;04.08.2023;18.02.2025;Nein
03G17b;Pankow;G;Grundschule am Weißen See;Falkenberger Str. 31;13088;Anschluss nutzbar;Ja;16.08.2022;20.11.2023;04.03.2024;Ja
03G18;Pankow;G;Picasso-Grundschule;Gounodstr. 71;13088;Anschluss nutzbar;Ja;01.09.2022;18.01.2024;29.02.2024;Ja
03G18b;Pankow;G;Picasso-Grundschule;Smetanastr. 27-29;13088;Anschluss nutzbar;Ja;01.09.2022;18.01.2024;12.02.2024;Ja
03G20;Pankow;G;Grundschule im Moselviertel;Brodenbacher Weg 31;13088;Anschluss nutzbar;Ja;07.08.2022;21.01.2025;25.03.2025;Ja
03G21;Pankow;G;Grundschule unter den Bäumen;Alt-Blankenburg 26;13129;Anschluss nutzbar;Ja;03.08.2022;16.05.2025;27.05.2025;Ja
03G22;Pankow;G;Grundschule am Wasserturm;Tino-Schwierzina-Str. 66;13089;Anschluss nutzbar;Ja;23.08.2022;15.08.2023;20.10.2023;Ja
03G23;Pankow;G;Grundschule Alt-Karow;Bahnhofstr. 32;13125;Anschluss nutzbar;Ja;13.07.2022;05.05.2023;05.07.2023;Ja
03G24;Pankow;G;Grundschule im Panketal;Achillesstr. 31;13125;Anschluss nutzbar;Ja;13.07.2022;16.12.2022;04.10.2023;Ja
03G25;Pankow;G;Carl-Humann-Grundschule;Scherenbergstr. 7;10439;Anschluss nutzbar;Ja;03.08.2022;17.08.2023;26.09.2023;Ja
03G26;Pankow;G;Arnold-Zweig-Grundschule;Wollankstr. 131;13187;Anschluss nutzbar;Ja;01.08.2022;17.01.2023;02.05.2023;Ja
03G27;Pankow;G;Elizabeth-Shaw-Grundschule;Grunowstr. 17;13187;Anschluss nutzbar;Ja;01.08.2022;25.10.2024;18.12.2024;Ja
03G28;Pankow;G;Hasengrund-Schule (Grundschule);Charlottenstr. 19;13156;Aktive Technik verbaut ohne IHVK;Ja;01.09.2022;22.08.2025;26.08.2025;Nein
03G28b;Pankow;G;Hasengrund-Schule (Grundschule);Hermann-Hesse-Str. 48-52;13156;Anschluss nutzbar;Ja;24.08.2022;09.06.2023;29.01.2024;Ja
03G29;Pankow;G;Grundschule Am Sandhaus;Wiltbergstr. 37-39;13125;Anschluss nutzbar;Ja;13.07.2022;09.11.2023;16.01.2024;Ja
03G32;Pankow;G;Grundschule an den Buchen;Wilhelm-Wolff-Str. 19;13156;Anschluss nutzbar;Ja;29.07.2022;20.08.2024;30.10.2024;Ja
03G33;Pankow;G;Jeanne-Barez-Schule (Grundschule);Hauptstr. 66;13127;Anschluss nutzbar;Ja;20.07.2022;06.09.2023;16.01.2024;Ja
03G33b;Pankow;G;Jeanne-Barez-Schule (Grundschule);Berliner Str. 19;13127;Anschluss nutzbar;Ja;20.07.2022;18.01.2024;06.02.2024;Ja
03G34;Pankow;G;Mendel-Grundschule;Stiftsweg 3;13187;Anschluss nutzbar;Ja;24.08.2022;07.03.2024;30.04.2024;Ja
03G35;Pankow;G;Platanengrundschule;Hauptstr. 20;13159;Anschluss nutzbar;Ja;10.08.2022;10.01.2023;09.05.2023;Ja
03G36b;Pankow;G;Elisabeth-Christinen-Grundschule;Buchholzer Str. 3;13156;Anschluss nutzbar;Ja;09.08.2022;19.01.2023;22.03.2023;Ja
03G37;Pankow;G;Klecks-Grundschule;Brixener Str. 40;13187;Anschluss nutzbar;Ja;01.08.2022;17.05.2023;25.10.2024;Ja
03G38;Pankow;G;Grundschule im Blumenviertel;Syringenplatz 30;10407;Anschluss nutzbar;Ja;25.08.2022;10.07.2024;28.08.2024;Ja
03K07b;Pankow;G;Grundschule im Blumenviertel;Conrad-Blenkle-Str.20;10407;Anschluss nutzbar;Ja;19.09.2022;20.07.2023;05.03.2024;Ja
03G40;Pankow;G;Schule am Birkenhof;Arnouxstr. 18;13127;Anschluss nutzbar;Ja;20.07.2022;25.10.2023;19.12.2023;Ja
03G41;Pankow;G;Trelleborg-Schule (Grundschule);Eschengraben 40;13189;Anschluss nutzbar;Ja;15.06.2022;09.12.2022;27.01.2023;Ja
03G43;Pankow;G;Grundschule Wilhelmsruh;Lessingstr. 44;13158;Anschluss nutzbar;Ja;23.08.2022;07.05.2024;27.05.2024;Ja
03G44;Pankow;G;Georg-Zacharias-Grundschule;Sulzfelder Str. 15;13088;Anschluss nutzbar;Ja;09.08.2022;11.10.2022;20.03.2023;Ja
03G45;Pankow;G;Grundschule im Hofgarten;Danziger Str. 50;10435;Anschluss nutzbar;Ja;11.06.2022;11.09.2023;26.01.2024;Ja
03G46;Pankow;G;Grundschule im Eliashof;Senefelderstr. 6;10437;Anschluss nutzbar;Ja;27.07.2022;30.01.2023;16.03.2023;Ja
03G48;Pankow;G;Maria-Leo-Grundschule;Conrad-Blenkle-Str. 20;10407;Anschluss nutzbar;Ja;22.06.2022;20.07.2023;11.08.2023;Ja
03G49;Pankow;G;Grundschule Rennbahnstraße;Rennbahnstraße 45;13086;Anschluss nutzbar;Ja;22.06.2022;02.11.2023;16.01.2024;Ja
03G50;Pankow;G;50. Grundschule;Karower Chaussee Str. 97;13125;Anschluss nutzbar;Ja;22.06.2022;03.08.2023;10.08.2023;Ja
03K01b;Pankow;K;Kurt-Schwitters-Schule;Bötzowstr. 11 (Haus 2);10405;Anschluss nutzbar;Ja;19.09.2022;26.05.2023;31.08.2023;Ja
03K03;Pankow;K;Konrad-Duden-Schule (Integrierte Sekundarschule);Rolandstr. 35;13156;Anschluss nutzbar;Ja;01.08.2022;14.08.2024;30.09.2024;Ja
03K04;Pankow;K;Gustave-Eiffel-Schule;Hanns-Eisler-Str. 78-80;10409;Anschluss nutzbar;Ja;01.06.2022;25.08.2025;04.09.2025;Ja
03K06;Pankow;K;Reinhold-Burger-Schule;Neue Schönholzer Str. 32;13187;Anschluss nutzbar;Ja;01.08.2022;19.01.2023;30.08.2023;Ja
03K07;Pankow;K;Tesla-Schule (Gemeinschaftsschule);Rudi-Arndt-Str. 18;10407;Anschluss nutzbar;Ja;01.06.2022;24.11.2022;26.01.2023;Ja
03K08;Pankow;K;Hagenbeck-Schule;Gustav-Adolf-Str. 60;13086;Anschluss nutzbar;Ja;27.07.2022;05.11.2022;07.02.2023;Ja
03K09;Pankow;K;Janusz-Korczak-Schule (Integrierte Sekundarschule);Dolomitenstr. 94;13187;Anschluss nutzbar;Ja;24.08.2022;14.02.2023;14.03.2023;Ja
03K10;Pankow;K;Hufeland-Schule (Integrierte Sekundarschule);Walter-Friedrich-Str. 16-18;13125;Anschluss nutzbar;Ja;01.09.2022;01.11.2023;22.12.2023;Ja
03K11;Pankow;K;Wilhelm-von-Humboldt-Gemeinschaftsschule;Erich-Weinert-Str. 70;10439;Anschluss nutzbar;Ja;10.06.2022;16.05.2023;19.07.2023;Ja
03S03;Pankow;S;Helene-Haeusler-Schule;Mendelssohnstr. 10;10405;Anschluss nutzbar;Ja;28.06.2022;28.11.2022;15.03.2023;Ja
03S08;Pankow;S;Panke-Schule;Galenusstr. 64;13187;Anschluss nutzbar;Ja;22.06.2022;07.08.2023;25.10.2023;Ja
03S10;Pankow;S;Marianne-Buggenhagen-Schule;Ernst-Busch-Str. 29;13125;Aktive Technik verbaut;Ja;11.08.2022;18.08.2025;20.08.2025;Nein
03S10b;Pankow;S;Marianne-Buggenhagen-Schule (Schulfiliale Helios-Klinik);Schwanebecker Chaussee 50;13125;Anschluss nutzbar;Ja;30.08.2022;05.02.2024;06.05.2024;Ja
03Y04;Pankow;Y;Heinrich-Schliemann-Gymnasium;Dunckerstr. 64;10439;Anschluss nutzbar;Ja;09.08.2022;24.06.2024;15.07.2024;Ja
03Y10;Pankow;Y;Rosa-Luxemburg-Gymnasium;Kissingenstr. 12;13189;Anschluss nutzbar;Ja;10.08.2022;18.04.2023;12.09.2023;Ja
03Y14;Pankow;Y;Primo-Levi-Gymnasium;Pistoriusstr. 133;13086;Anschluss nutzbar;Ja;16.02.2022;21.02.2022;09.05.2022;Ja
03Y14b;Pankow;Y;Primo-Levi-Gymnasium;Woelckpromenade 38;13086;Anschluss nutzbar;Ja;23.08.2022;04.05.2023;25.08.2023;Ja
03Y15;Pankow;Y;Max-Delbrück-Gymnasium;Kuckhoffstr. 2;13156;Anschluss nutzbar;Ja;05.08.2022;22.03.2023;12.05.2023;Ja
03Y16;Pankow;Y;Robert-Havemann-Gymnasium;Achillesstr. 79;13125;Anschluss nutzbar;Ja;13.07.2022;16.12.2022;24.03.2023;Ja
03DX01;Pankow;DX;Drehscheibe Werneuchener Wiese;Margarete-Sommer-Str 14;10407;Anschluss nutzbar;Ja;29.08.2024;07.02.2025;26.05.2025;Ja
04A04;Charlottenburg-Wilmersdorf;A;Charlotte-Wolff-Kolleg;Pestalozzistr. 40-41;10627;Aktive Technik verbaut;Ja;01.09.2022;27.03.2024;09.07.2024;Nein
04G02;Charlottenburg-Wilmersdorf;G;Lietzensee-Grundschule;Witzlebenstr. 34-35;14057;Anschluss nutzbar;Ja;11.08.2022;03.11.2023;30.04.2024;Ja
04G04;Charlottenburg-Wilmersdorf;G;Joan-Miró-Grundschule;Bleibtreustr. 43;10623;Anschluss nutzbar;Ja;29.09.2022;09.08.2023;09.11.2023;Ja
04G05;Charlottenburg-Wilmersdorf;G;Dietrich-Bonhoeffer-Grundschule;Spandauer Damm 205-215;14050;Anschluss nutzbar;Ja;14.10.2022;08.08.2023;15.11.2023;Ja
04G06;Charlottenburg-Wilmersdorf;G;Wald-Grundschule;Waldschulallee 83-93;14055;Anschluss nutzbar;Ja;07.10.2022;07.08.2023;02.07.2024;Ja
04G07;Charlottenburg-Wilmersdorf;G;Ludwig-Cauer-Grundschule;Cauerstr. 36-38;10587;Aktive Technik in Planung;Ja;09.08.2022;26.09.2025;;Nein
04G08;Charlottenburg-Wilmersdorf;G;Mierendorff-Grundschule;Mierendorffstr. 20-24;10589;Anschluss nutzbar;Ja;14.10.2022;18.03.2025;21.05.2025;Ja
04G09;Charlottenburg-Wilmersdorf;G;Erwin-von-Witzleben-Grundschule;Halemweg 34;13627;Anschluss nutzbar;Ja;29.09.2022;08.02.2023;27.09.2023;Ja
04G11;Charlottenburg-Wilmersdorf;G;Helmuth-James-von-Moltke-Grundschule;Heckerdamm 221;13627;Anschluss nutzbar;Ja;01.09.2022;14.10.2024;30.10.2024;Ja
04G12;Charlottenburg-Wilmersdorf;G;Schinkel-Grundschule;Nithackstr. 8;10585;Anschluss nutzbar;Ja;29.09.2022;18.04.2024;14.05.2024;Ja
04G13;Charlottenburg-Wilmersdorf;G;Nehring-Grundschule;Nehringstr. 9-10;14059;Anschluss nutzbar;Ja;11.08.2022;19.07.2024;09.09.2024;Ja
04G14;Charlottenburg-Wilmersdorf;G;Reinhold-Otto-Grundschule;Leistikowstr. 7-8;14050;Anschluss nutzbar;Ja;16.09.2022;12.09.2023;26.04.2024;Ja
04G15;Charlottenburg-Wilmersdorf;G;Charles-Dickens-Grundschule;Dickensweg 15;14055;Anschluss nutzbar;Ja;29.09.2022;09.08.2023;10.06.2024;Ja
04G17;Charlottenburg-Wilmersdorf;G;Johann-Peter-Hebel-Grundschule;Emser Str. 50;10719;Anschluss nutzbar;Ja;22.09.2022;07.08.2023;27.10.2023;Ja
04G19;Charlottenburg-Wilmersdorf;G;Grundschule am Rüdesheimer Platz;Rüdesheimer Str. 24-30;14197;Anschluss nutzbar;Ja;14.10.2022;04.04.2023;09.11.2023;Ja
04G21;Charlottenburg-Wilmersdorf;G;Halensee-Grundschule;Joachim-Friedrich-Str. 35-36;10711;Anschluss nutzbar;Ja;16.09.2022;19.07.2023;28.05.2024;Ja
04G22;Charlottenburg-Wilmersdorf;G;Grunewald-Grundschule;Delbrückstr. 20 A;14193;Anschluss nutzbar;Ja;16.09.2022;22.08.2023;06.02.2024;Ja
04G23;Charlottenburg-Wilmersdorf;G;Alt-Schmargendorf-Grundschule;Reichenhaller Str. 8;14199;Anschluss nutzbar;Ja;09.08.2022;16.11.2023;24.04.2024;Ja
04G24;Charlottenburg-Wilmersdorf;G;Carl-Orff-Grundschule;Berkaer Str. 9-10;14199;Anschluss nutzbar;Ja;12.08.2022;02.09.2024;12.11.2024;Ja
04G25;Charlottenburg-Wilmersdorf;G;Cecilien-Schule (Grundschule);Nikolsburger Platz 5;10717;Anschluss nutzbar;Ja;29.09.2022;25.11.2022;16.11.2023;Ja
04G26;Charlottenburg-Wilmersdorf;G;Birger-Forell-Grundschule;Koblenzer Str. 22-24;10715;Anschluss nutzbar;Ja;15.08.2022;14.12.2022;28.05.2024;Ja
04G27;Charlottenburg-Wilmersdorf;G;Judith-Kerr-Grundschule;Friedrichshaller Str. 13;14199;Anschluss nutzbar;Ja;18.01.2023;02.11.2023;12.01.2024;Ja
04K05;Charlottenburg-Wilmersdorf;K;Paula-Fürst-Schule (Gemeinschaftsschule);Sybelstr. 20-21;10629;Anschluss nutzbar;Ja;07.10.2022;04.10.2022;14.06.2024;Ja
04K05b;Charlottenburg-Wilmersdorf;K;Paula-Fürst-Schule (Gemeinschaftsschule);Nehringstr. 9;10629;Anschluss nutzbar;Ja;11.08.2022;19.07.2024;07.08.2024;Ja
04K08;Charlottenburg-Wilmersdorf;K;Peter-Ustinov-Schule;Kuno-Fischer-Str. 22-26;14057;Anschluss nutzbar;Ja;01.09.2022;19.03.2024;15.07.2024;Ja
04K09;Charlottenburg-Wilmersdorf;K;Otto-von-Guericke-Schule (Integrierte Sekundarschule);Eisenzahnstr. 47;10709;Anschluss nutzbar;Ja;25.08.2022;09.03.2024;20.06.2024;Ja
04S02;Charlottenburg-Wilmersdorf;S;Arno-Fuchs-Schule;Richard-Wagner-Str. 30;10585;Anschluss nutzbar;Ja;29.09.2022;13.07.2023;02.05.2024;Ja
04S04;Charlottenburg-Wilmersdorf;S;Reinfelder-Schule;Maikäferpfad 30;14055;Aktive Technik in Planung;Ja;25.08.2022;23.09.2025;;Nein
04S05;Charlottenburg-Wilmersdorf;S;Ernst-Adolf-Eschke-Schule für Gehörlose;Waldschulallee 29;14055;Anschluss nutzbar;Ja;12.08.2022;22.05.2024;12.06.2024;Ja
04S06;Charlottenburg-Wilmersdorf;S;Finkenkrug-Schule;Mannheimer Str. 21-22;10713;Anschluss nutzbar;Ja;07.10.2022;16.05.2023;30.11.2023;Ja
04S07;Charlottenburg-Wilmersdorf;S;Comenius-Schule;Gieselerstr. 4;10713;Anschluss nutzbar;Ja;09.08.2022;06.04.2023;19.11.2024;Ja
04S07b;Charlottenburg-Wilmersdorf;S;Comenius-Schule;Wilhelmsaue 116;10715;Aktive Technik verbaut;Ja;14.10.2022;22.03.2024;18.09.2024;Nein
04Y02;Charlottenburg-Wilmersdorf;Y;Wald-Gymnasium;Waldschulallee 95;14055;Anschluss nutzbar;Ja;07.10.2022;05.07.2023;27.11.2023;Ja
04Y03;Charlottenburg-Wilmersdorf;Y;Sophie-Charlotte-Gymnasium;Sybelstr. 2;10629;Anschluss nutzbar;Ja;07.10.2022;17.03.2025;19.12.2024;Ja
04Y04;Charlottenburg-Wilmersdorf;Y;Gottfried-Keller-Gymnasium;Olbersstr. 38;10589;Anschluss nutzbar;Ja;14.10.2022;21.03.2025;05.05.2025;Ja
04Y05;Charlottenburg-Wilmersdorf;Y;Herder-Gymnasium;Westendallee 45-46;14052;Anschluss nutzbar;Ja;22.09.2022;28.09.2023;01.11.2023;Ja
04Y06;Charlottenburg-Wilmersdorf;Y;Heinz-Berggruen-Gymnasium;Bayernallee 4;14052;Anschluss nutzbar;Ja;22.09.2022;09.12.2022;18.09.2023;Ja
04Y09;Charlottenburg-Wilmersdorf;Y;Walther-Rathenau-Gymnasium;Herbertstr. 2-6;14193;Anschluss nutzbar;Ja;26.08.2022;13.10.2023;28.05.2024;Ja
04Y10;Charlottenburg-Wilmersdorf;Y;Marie-Curie-Gymnasium;Weimarische Str. 21;10715;Anschluss nutzbar;Ja;26.08.2022;09.03.2024;19.07.2024;Ja
04Y11;Charlottenburg-Wilmersdorf;Y;Goethe-Gymnasium;Gasteiner Str. 23;10717;Anschluss nutzbar;Ja;22.11.2022;09.03.2024;29.11.2024;Ja
04Y05;Charlottenburg-Wilmersdorf;Y;Herder-Gymnasium;Westendallee 45-46;14052;Anschluss nutzbar;Ja;22.09.2022;28.09.2023;01.11.2023;Ja
04Y06;Charlottenburg-Wilmersdorf;Y;Heinz-Berggruen-Gymnasium;Bayernallee 4;14052;Anschluss nutzbar;Ja;22.09.2022;09.12.2022;18.09.2023;Ja
04Y09;Charlottenburg-Wilmersdorf;Y;Walther-Rathenau-Gymnasium;Herbertstr. 2-6;14193;Anschluss nutzbar;Ja;26.08.2022;13.10.2023;28.05.2024;Ja
04Y10;Charlottenburg-Wilmersdorf;Y;Marie-Curie-Gymnasium;Weimarische Str. 21;10715;Anschluss nutzbar;Ja;26.08.2022;09.03.2024;19.07.2024;Ja
04Y11;Charlottenburg-Wilmersdorf;Y;Goethe-Gymnasium;Gasteiner Str. 23;10717;Anschluss nutzbar;Ja;22.11.2022;09.03.2024;29.11.2024;Ja
05G02;Spandau;G;Grundschule am Eichenwald;Gaismannshofer Weg 2;13587;Anschluss nutzbar;Ja;26.07.2022;13.02.2025;22.08.2025;Ja
05G18;Spandau;G;Grundschule im Beerwinkel;Im Spektefeld 31;13589;Anschluss nutzbar;Ja;23.08.2022;21.06.2024;15.10.2024;Ja
05G12;Spandau;G;Grundschule am Weinmeisterhorn;Daberkowstr. 27;13593;Anschluss nutzbar;Ja;26.07.2022;17.06.2024;28.06.2024;Ja
05Y02;Spandau;Y;Kant-Gymnasium;Bismarckstr. 54;13585;Anschluss nutzbar;Ja;26.07.2022;23.04.2024;13.09.2024;Ja
05G06;Spandau;G;Siegerland-Grundschule;Hermann-Schmidt-Weg 4;13589;Aktive Technik verbaut ohne IHVK;Ja;19.10.2022;18.03.2024;06.11.2024;Nein
05G31;Spandau;G;31. Schule (Grundschule);Goltzstraße 25;13587;Anschluss nutzbar;Ja;16.02.2023;06.03.2024;05.11.2024;Ja
05K04;Spandau;K;Heinrich-Böll-Oberschule (Integrierte Sekundarschule);Am Forstacker 9/11;13587;Anschluss nutzbar;Ja;22.07.2022;06.03.2024;08.10.2024;Ja
05K04b;Spandau;K;Heinrich-Böll-Oberschule (Neubau);Am Forstacker 9-11;13587;Aktive Technik verbaut;Ja;16.02.2023;06.03.2024;01.11.2024;Nein
05A03;Spandau;A;Volkshochschule Spandau;Carl-Schurz-Straße 59;13597;Aktive Technik verbaut;Ja;22.07.2022;12.12.2023;24.06.2024;Nein
05G16;Spandau;G;Zeppelin-Grundschule;Heidebergplan 3-4;13591;Anschluss nutzbar;Ja;05.08.2022;09.10.2023;01.04.2025;Ja
05Y03;Spandau;Y;Hans-Carossa-Gymnasium;Am Landschaftspark Gatow 40;14089;Anschluss nutzbar;Ja;05.08.2022;05.07.2023;28.06.2024;Ja
05G27;Spandau;G;Peter-Härtling-Grundschule;Flankenschanze 20;13585;Anschluss nutzbar;Ja;22.07.2022;19.05.2023;10.01.2024;Ja
05G30;Spandau;G;Birken-Grundschule;Hügelschanze 8-9;13585;Anschluss nutzbar;Ja;12.07.2022;05.05.2023;30.05.2025;Ja
05G24;Spandau;G;Grundschule am Windmühlenberg;Am Kinderdorf 23-37;14089;Anschluss nutzbar;Ja;16.08.2022;26.04.2023;23.11.2023;Ja
05Y04;Spandau;Y;Carl-Friedrich-von-Siemens-Gymnasium;Jungfernheideweg 79;13629;Anschluss nutzbar;Ja;26.07.2022;26.04.2023;05.07.2024;Ja
05K07;Spandau;K;Schule an der Jungfernheide (Integrierte Sekundarschule);Lenther Steig 1-3;13629;Anschluss nutzbar;Ja;16.02.2023;24.04.2023;17.01.2024;Ja
05G22;Spandau;G;Christian-Morgenstern-Grundschule;Räcknitzer Steig 12;13593;Anschluss nutzbar;Ja;15.09.2022;18.04.2023;30.04.2024;Ja
05G15;Spandau;G;Askanier-Grundschule;Borkzeile 34;13583;Anschluss nutzbar;Ja;23.08.2022;29.03.2023;27.01.2025;Ja
05G26;Spandau;G;Grundschule am Amalienhof;Weinmeisterhornweg 120-122;13593;Anschluss nutzbar;Ja;26.07.2022;28.03.2023;28.06.2024;Ja
05G28;Spandau;G;Grundschule an der Pulvermühle;Grützmacherweg 7;13599;Anschluss nutzbar;Ja;30.08.2022;28.03.2023;04.07.2024;Ja
05K05;Spandau;K;B.-Traven-Gemeinschaftsschule;Recklinghauser Weg 26-32;13583;Anschluss nutzbar;Ja;16.08.2022;28.03.2023;15.11.2024;Ja
05G14;Spandau;G;Linden-Grundschule;Staakener Feldstr. 6-8;13591;Anschluss nutzbar;Ja;09.08.2022;22.03.2023;13.03.2024;Ja
05K02;Spandau;K;Carlo-Schmid-Oberschule (Integrierte Sekundarschule);Lutoner Str. 15-19;13581;Anschluss nutzbar;Ja;05.08.2022;22.03.2023;03.05.2024;Ja
05G23;Spandau;G;Grundschule am Brandwerder;Spandauer Str. 86;13591;Anschluss nutzbar;Ja;23.08.2022;21.03.2023;03.04.2024;Ja
05G07;Spandau;G;Lynar-Grundschule;Lutherstr. 19-20;13585;Anschluss nutzbar;Ja;29.07.2022;20.03.2023;05.11.2024;Ja
05G17;Spandau;G;Astrid-Lindgren-Grundschule;Südekumzeile 5;13591;Anschluss nutzbar;Ja;15.07.2022;20.03.2023;22.04.2024;Ja
05G19;Spandau;G;Grundschule am Ritterfeld;Schallweg 31;14089;Anschluss nutzbar;Ja;28.07.2022;16.03.2023;29.11.2024;Ja
05G25;Spandau;G;Grundschule am Wasserwerk;Pionierstr. 197;13589;Anschluss nutzbar;Ja;22.07.2022;15.03.2023;30.10.2023;Ja
05G05;Spandau;G;Christoph-Földerich-Grundschule;Földerichplatz 5;13595;Anschluss nutzbar;Ja;28.07.2022;03.03.2023;03.05.2024;Ja
05G08;Spandau;G;Konkordia-Grundschule;Elsflether Weg 26;13581;Anschluss nutzbar;Ja;26.07.2022;22.02.2023;18.04.2024;Ja
05G11;Spandau;G;Robert-Reinick-Grundschule;Jungfernheideweg 33-48;13629;Anschluss nutzbar;Ja;26.07.2022;21.02.2023;18.01.2024;Ja
05G04;Spandau;G;Klosterfeld-Grundschule;Seegefelder Str. 125;13583;Anschluss nutzbar;Ja;05.08.2022;03.02.2023;10.01.2024;Ja
05G20;Spandau;G;Carl-Schurz-Grundschule;Hakenfelder Str. 32;13587;Anschluss nutzbar;Ja;05.08.2022;01.02.2023;30.10.2024;Ja
05G01;Spandau;G;Ernst-Ludwig-Heim-Grundschule;Grunewaldstr. 8;13597;Anschluss nutzbar;Ja;22.07.2022;09.12.2022;15.02.2024;Ja
05G10;Spandau;G;Grundschule am Birkenhain;Seeburger Str. 59;13581;Anschluss nutzbar;Ja;28.07.2022;09.12.2022;15.04.2024;Ja
05G13;Spandau;G;Bernd-Ryke-Grundschule;Daumstr. 12;13599;Anschluss nutzbar;Ja;30.08.2022;09.12.2022;15.02.2024;Ja
05K03;Spandau;K;Bertolt-Brecht-Oberschule (Integrierte Sekundarschule);Wilhelmstr. 10;13595;Anschluss nutzbar;Ja;15.07.2022;09.12.2022;03.07.2024;Ja
05S03b;Spandau;S;Schule am Gartenfeld;Seecktstr. 2;13581;Anschluss nutzbar;Ja;22.07.2022;09.12.2022;29.02.2024;Ja
05K06;Spandau;K;Wolfgang-Borchert-Schule (Integrierte Sekundarschule);Blumenstr. 13;13585;Anschluss nutzbar;Ja;22.07.2022;02.12.2022;27.05.2025;Ja
05S03;Spandau;S;Schule am Gartenfeld;Gartenfelder Str. 81;13581;Anschluss nutzbar;Ja;11.07.2022;30.11.2022;28.02.2024;Ja
05G21;Spandau;G;Paul-Moor-Grundschule;Adamstr. 24-25;13595;Anschluss nutzbar;Ja;15.07.2022;28.11.2022;08.07.2024;Ja
05Y05;Spandau;Y;Lily-Braun-Gymnasium;Münsingerstr. 2;13597;Anschluss nutzbar;Ja;31.01.2022;29.03.2022;03.06.2022;Ja
06A05;Steglitz-Zehlendorf;A;Volkshochschule Steglitz-Zehlendorf;Goethestraße 9-11;12207;Anschluss nutzbar;Ja;05.09.2022;07.03.2024;29.04.2024;Ja
06G01;Steglitz-Zehlendorf;G;Nord-Grundschule;Potsdamer Str. 7;14163;Anschluss nutzbar;Ja;21.06.2022;07.11.2023;04.12.2023;Ja
06G02;Steglitz-Zehlendorf;G;Süd-Grundschule;Claszeile 56;14165;Anschluss nutzbar;Ja;20.05.2022;13.06.2023;20.12.2023;Ja
06G03;Steglitz-Zehlendorf;G;Johannes-Tews-Grundschule;Wasgenstr. 50;14129;Anschluss nutzbar;Ja;16.08.2022;14.04.2023;21.12.2023;Ja
06G03b;Steglitz-Zehlendorf;G;Johannes-Tews-Grundschule;Tewsstraße 16A ;14129;Aktive Technik verbaut;Ja;01.01.2024;18.07.2024;09.09.2024;Nein
06G04;Steglitz-Zehlendorf;G;Erich-Kästner-Grundschule;Bachstelzenweg 2-8;14195;Anschluss nutzbar;Ja;24.06.2022;29.03.2023;14.12.2023;Ja
06G05;Steglitz-Zehlendorf;G;Conrad-Schule (Grundschule);Schulstr. 4;14109;Anschluss nutzbar;Ja;07.09.2022;27.05.2024;25.07.2024;Ja
06G06;Steglitz-Zehlendorf;G;Mühlenau-Grundschule;Molsheimer Str. 7;14195;Anschluss nutzbar;Ja;23.05.2022;10.08.2023;25.01.2024;Ja
06G07;Steglitz-Zehlendorf;G;Zinnowwald-Grundschule;Wilskistr. 78;14163;Anschluss nutzbar;Ja;18.10.2022;17.05.2023;08.12.2023;Ja
06G08;Steglitz-Zehlendorf;G;Schweizerhof-Grundschule;Leo-Baeck-Str. 28-30;14167;Anschluss nutzbar;Ja;16.08.2022;28.02.2024;25.03.2024;Ja
06G09;Steglitz-Zehlendorf;G;Dreilinden-Grundschule;Dreilindenstr. 65;14109;Anschluss nutzbar;Ja;29.08.2022;07.05.2024;03.06.2024;Ja
06G10;Steglitz-Zehlendorf;G;Grundschule am Buschgraben;Ludwigsfelder Str. 43-47;14165;Anschluss nutzbar;Ja;29.08.2022;29.03.2023;20.09.2023;Ja
06G12;Steglitz-Zehlendorf;G;Quentin-Blake-Grundschule;Hüttenweg 40;14195;Anschluss nutzbar;Ja;15.08.2022;25.05.2023;02.02.2024;Ja
06G14;Steglitz-Zehlendorf;G;Sachsenwald-Grundschule;Sachsenwaldstr. 20-21;12157;Anschluss nutzbar;Ja;15.08.2022;08.11.2023;31.01.2024;Ja
06G15;Steglitz-Zehlendorf;G;Dunant-Grundschule;Gritznerstr. 19-23;12163;Anschluss nutzbar;Ja;05.09.2022;10.07.2024;23.07.2024;Ja
06G16;Steglitz-Zehlendorf;G;Rothenburg-Grundschule;Rothenburgstr. 18;12165;Anschluss nutzbar;Ja;21.06.2022;18.05.2023;18.03.2024;Ja
06G17;Steglitz-Zehlendorf;G;Grundschule am Insulaner;Hanstedter Weg 11-15;12169;Anschluss nutzbar;Ja;22.08.2022;04.02.2025;19.02.2025;Ja
06G18;Steglitz-Zehlendorf;G;Athene-Grundschule;Curtiusstr. 37;12205;Anschluss nutzbar;Ja;20.05.2022;24.06.2024;01.07.2024;Ja
06G20;Steglitz-Zehlendorf;G;Alt-Lankwitzer Grundschule;Schulstr. 17-21;12247;Anschluss nutzbar;Ja;17.08.2022;08.08.2025;05.09.2025;Ja
06G21;Steglitz-Zehlendorf;G;Paul-Schneider-Grundschule;Seydlitzstr. 30-34;12249;Anschluss nutzbar;Ja;28.07.2022;12.10.2023;31.01.2024;Ja
06G22;Steglitz-Zehlendorf;G;Giesensdorfer Grundschule;Ostpreußendamm 63;12207;Anschluss nutzbar;Ja;23.05.2022;02.05.2024;06.06.2024;Ja
06G23;Steglitz-Zehlendorf;G;Kronach-Grundschule;Moltkestr. 24-26;12203;Anschluss nutzbar;Ja;28.07.2022;23.08.2023;18.01.2024;Ja
06G24;Steglitz-Zehlendorf;G;Grundschule unter den Kastanien;Kastanienstr. 6 -8;12209;Anschluss nutzbar;Ja;11.08.2022;19.04.2023;21.12.2023;Ja
06G25;Steglitz-Zehlendorf;G;Clemens-Brentano-Grundschule;Kommandantenstr. 83-84;12205;Aktive Technik verbaut;Ja;19.08.2022;02.10.2025;28.10.2025;Nein
06G26;Steglitz-Zehlendorf;G;Käthe-Kruse-Grundschule;Tietzenweg 108;12203;Anschluss nutzbar;Ja;19.08.2022;01.03.2024;30.04.2024;Ja
06G27;Steglitz-Zehlendorf;G;Grundschule am Königsgraben;Gallwitzallee 136-144;12249;Anschluss nutzbar;Ja;28.07.2022;13.10.2025;24.10.2025;Ja
06G28;Steglitz-Zehlendorf;G;Ludwig-Bechstein-Grundschule;Halbauer Weg 25;12249;Anschluss nutzbar;Ja;19.08.2022;14.03.2023;29.08.2023;Ja
06G29;Steglitz-Zehlendorf;G;Grundschule am Karpfenteich;Hildburghauser Str. 135;12209;Anschluss nutzbar;Ja;28.07.2022;16.10.2023;01.02.2024;Ja
06G30;Steglitz-Zehlendorf;G;Mercator-Grundschule;Mercatorweg 8-10;12207;Anschluss nutzbar;Ja;29.08.2022;23.07.2024;08.01.2025;Ja
06G31;Steglitz-Zehlendorf;G;Grundschule an der Bäke;Haydnstr. 15;12203;Anschluss nutzbar;Ja;10.08.2022;02.07.2024;12.07.2024;Ja
06G32;Steglitz-Zehlendorf;G;Grundschule am Stadtpark Steglitz;Karl-Stieler-Str. 10-11;12167;Anschluss nutzbar;Ja;16.08.2022;25.04.2024;21.05.2024;Ja
06G33;Steglitz-Zehlendorf;G;Friedrich-Drake-Grundschule;Drakestr. 80;12205;Aktive Technik verbaut;Ja;18.01.2022;31.01.2022;05.05.2022;Nein
06G34;Steglitz-Zehlendorf;G;34. Schule (Grundschule);Plantagenstr. 8-9;12169;Anschluss nutzbar;Ja;22.08.2022;11.07.2024;27.09.2024;Ja
06K03;Steglitz-Zehlendorf;K;Kopernikus-Schule (Integrierte Sekundarschule);Lepsiusstr. 24-28;12163;Anschluss nutzbar;Ja;23.05.2022;10.07.2024;17.07.2024;Ja
06K03b;Steglitz-Zehlendorf;K;Kopernikus-Schule (Integrierte Sekundarschule);Dessauerstr. 49-55;12163;Aktive Technik verbaut;Ja;22.08.2022;14.08.2024;12.12.2024;Nein
06K08;Steglitz-Zehlendorf;K;Max-von-Laue-Schule;Dürerstr. 27;12203;Anschluss nutzbar;Ja;17.08.2022;11.03.2024;02.05.2024;Ja
06K09;Steglitz-Zehlendorf;K;Gail-S.-Halvorsen-Integrierte Sekundarschule;Im Gehege 6;14195;Anschluss nutzbar;Ja;29.08.2022;29.03.2023;06.09.2023;Ja
06K09b;Steglitz-Zehlendorf;K;Gail-S.-Halvorsen-Integrierte Sekundarschule;Jaehnstr. 14;14063;Anschluss nutzbar;Ja;05.09.2022;11.06.2024;11.07.2024;Ja
06K10;Steglitz-Zehlendorf;K;Helene-Lange-Schule (Integrierte Sekundarschule);Lauenburger Str. 110/114;12169;Anschluss nutzbar;Ja;16.08.2022;11.05.2023;05.07.2024;Ja
06K11;Steglitz-Zehlendorf;K;Anna-Essinger-Gemeinschaftsschule;Tietzenweg 101;12203;Anschluss nutzbar;Ja;10.08.2022;01.03.2024;22.03.2024;Ja
06K11b;Steglitz-Zehlendorf;K;Anna-Essinger-Gemeinschaftsschule;Am Rohrgarten 9;14163;Aktive Technik verbaut;Ja;29.08.2022;16.10.2023;12.01.2024;Nein
06S01;Steglitz-Zehlendorf;S;Pestalozzi-Schule;Hartmannsweilerweg 47;14163;Anschluss nutzbar;Ja;22.08.2022;15.05.2023;15.01.2024;Ja
06S02;Steglitz-Zehlendorf;S;Biesalski-Schule;Hüttenweg 40;14195;Aktive Technik verbaut;Ja;15.08.2022;25.05.2023;15.01.2024;Nein
06S03;Steglitz-Zehlendorf;S;Peter-Frankenfeld-Schule;Wedellstr. 26;12247;Anschluss nutzbar;Ja;28.07.2022;08.05.2023;12.12.2023;Ja
06S05;Steglitz-Zehlendorf;S;J.-A.-Zeune-Schule für Blinde und Berufsfachschule Dr. Silex;Rothenburgstr. 14;12165;Anschluss nutzbar;Ja;21.06.2022;18.05.2023;19.03.2024;Ja
06Y01;Steglitz-Zehlendorf;Y;Schadow-Gymnasium;Beuckestr. 27-29;14163;Anschluss nutzbar;Ja;20.05.2022;09.06.2023;13.12.2023;Ja
06Y01b;Steglitz-Zehlendorf;Y;Schadow-Gymnasium;Beuckestr. 24-25;14163;Anschluss nutzbar;Ja;20.05.2022;29.06.2023;15.01.2024;Ja
06Y03;Steglitz-Zehlendorf;Y;Arndt-Gymnasium Dahlem;Königin-Luise-Str. 80-84;14195;Anschluss nutzbar;Ja;23.05.2022;29.03.2023;15.11.2023;Ja
06Y04;Steglitz-Zehlendorf;Y;Dreilinden-Gymnasium;Dreilindenstr. 49;14109;Anschluss nutzbar;Ja;23.05.2022;07.05.2024;20.06.2024;Ja
06Y05;Steglitz-Zehlendorf;Y;Werner-von-Siemens-Gymnasium;Beskidenstr. 3;14129;Anschluss nutzbar;Ja;16.08.2022;14.04.2023;17.11.2023;Ja
06Y06;Steglitz-Zehlendorf;Y;Beethoven-Gymnasium;Barbarastr. 9;12249;Anschluss nutzbar;Ja;19.08.2022;21.09.2023;01.03.2024;Ja
06Y07;Steglitz-Zehlendorf;Y;Paulsen-Gymnasium;Gritznerstr. 57;12163;Anschluss nutzbar;Ja;22.08.2022;05.02.2024;18.03.2024;Ja
06Y09;Steglitz-Zehlendorf;Y;Fichtenberg-Oberschule;Rothenburgstr. 18;12165;Anschluss nutzbar;Ja;30.06.2022;18.05.2023;01.03.2024;Ja
06Y10;Steglitz-Zehlendorf;Y;Lilienthal-Gymnasium;Ringstr. 2-3;12203;Anschluss nutzbar;Ja;29.07.2022;01.03.2024;22.03.2024;Ja
06Y12;Steglitz-Zehlendorf;Y;Willi-Graf-Gymnasium;Ostpreußendamm 166;12207;Anschluss nutzbar;Ja;15.08.2022;17.03.2023;22.01.2024;Ja
06Y13;Steglitz-Zehlendorf;Y;Gymnasium Steglitz;Heesestr. 15;12169;Anschluss nutzbar;Ja;15.08.2022;06.05.2024;18.06.2024;Ja
07K12b;Tempelhof-Schöneberg;K;Friedenauer Gemeinschaftsschule;Grazer Platz 1-3;12157;APL installiert;Ja;;21.10.2025;;Nein
07G07;Tempelhof-Schöneberg;G;Lindenhof-Grundschule;Reglinstr. 29;12105;Aktive Technik verbaut;Ja;16.02.2023;23.07.2024;19.09.2024;Nein
07G25;Tempelhof-Schöneberg;G;Mascha-Kaléko-Grundschule;Königstr. 32;12105;Aktive Technik verbaut;Ja;16.02.2023;02.07.2025;08.07.2025;Nein
07G35;Tempelhof-Schöneberg;G;Nahariya-Grundschule;Nahariyastr. 13-17;12309;Anschluss nutzbar;Ja;16.02.2023;09.04.2025;28.05.2025;Ja
07G36;Tempelhof-Schöneberg;G;Grundschule am Dielingsgrund;Dielingsgrund 35;12305;Anschluss nutzbar;Ja;16.02.2023;17.02.2025;05.03.2025;Ja
07G37;Tempelhof-Schöneberg;G;Ikarus-Grundschule;Körtingstr. 45;12107;Aktive Technik verbaut ohne IHVK;Ja;16.02.2023;22.06.2025;12.08.2025;Nein
07G40;Tempelhof-Schöneberg;G;Grundschule Ella-Barowsky-Str. ;Ella-Barowsky-Str. 62;10829;Aktive Technik verbaut ohne IHVK;Ja;16.02.2023;13.02.2025;26.05.2025;Nein
07K03b;Tempelhof-Schöneberg;K;Gustav-Heinemann-Schule;Waldsassener Str.62;12279;Anschluss nutzbar;Ja;16.02.2023;15.06.2025;25.07.2025;Ja
07Kn02;Tempelhof-Schöneberg;K;"Neubau ISS; Eisenacher Straße 53";Eisenacher Straße 53;12109;Aktive Technik verbaut ohne IHVK;Ja;16.02.2023;01.09.2025;02.09.2025;Nein
07Y05b;Tempelhof-Schöneberg;Y;Luise-Henriette-Gymnasium;Germaniastr. 4-6;12105;Aktive Technik verbaut ohne IHVK;Ja;16.02.2023;29.07.2025;11.08.2025;Nein
07Y07;Tempelhof-Schöneberg;Y;Eckener-Gymnasium;Kaiserstr. 17-21;12105;Anschluss nutzbar;Ja;16.02.2023;14.03.2025;28.05.2025;Ja
07A06;Tempelhof-Schöneberg;A;Volkshochschule Tempelhof-Schöneberg;Tempelhofer Weg 62;10829;Aktive Technik verbaut ohne IHVK;Ja;07.02.2023;13.02.2025;27.05.2025;Nein
07G16;Tempelhof-Schöneberg;G;Ruppin-Grundschule;Offenbacher Str. 5 A;14197;Aktive Technik verbaut;Ja;07.02.2023;21.03.2025;16.07.2025;Nein
07Y03;Tempelhof-Schöneberg;Y;Rheingau-Gymnasium;Schwalbacher Str. 3-4;12161;Aktive Technik verbaut ohne IHVK;Ja;30.01.2023;29.07.2025;12.09.2025;Nein
07A05;Tempelhof-Schöneberg;A;Kolleg Schöneberg;Nürnberger Str. 63;10787;Aktive Technik verbaut;Ja;27.01.2023;07.02.2024;10.07.2024;Nein
07S03;Tempelhof-Schöneberg;S;Steinwald-Schule;Hanielweg 7-9;12277;Aktive Technik verbaut ohne IHVK;Ja;27.01.2023;11.07.2025;26.08.2025;Nein
07G22;Tempelhof-Schöneberg;G;Paul-Klee-Grundschule;Konradinstr. 15-17;12105;Aktive Technik verbaut ohne IHVK;Ja;23.01.2023;27.05.2025;14.08.2025;Nein
07G27;Tempelhof-Schöneberg;G;Rudolf-Hildebrand-Grundschule;Friedenstr. 23-25;12107;Aktive Technik verbaut;Ja;18.01.2023;15.07.2025;07.08.2025;Nein
07K13;Tempelhof-Schöneberg;K;Schule am Berlinickeplatz (Integrierte Sekundarschule);Alt-Tempelhof 53-57;12103;Anschluss nutzbar;Ja;18.01.2023;21.03.2025;27.05.2025;Ja
07S04;Tempelhof-Schöneberg;S;Marianne-Cohn-Schule;Holzmannstr. 7;12099;Aktive Technik verbaut ohne IHVK;Ja;18.01.2023;18.07.2025;01.08.2025;Nein
07G19;Tempelhof-Schöneberg;G;Paul-Simmel-Grundschule;Felixstr. 26-58;12099;Aktive Technik verbaut;Ja;16.01.2023;19.02.2025;19.05.2025;Nein
07G20;Tempelhof-Schöneberg;G;Maria-Montessori-Grundschule;Friedrich-Wilhelm-Str. 72-74;12103;Aktive Technik verbaut;Ja;16.01.2023;18.02.2025;08.04.2025;Nein
07Y06;Tempelhof-Schöneberg;Y;Askanisches Gymnasium;Kaiserin-Augusta-Str. 19/20;12103;Aktive Technik verbaut;Ja;16.01.2023;15.07.2025;07.08.2025;Nein
07G15;Tempelhof-Schöneberg;G;Fläming-Grundschule;Illstr. 4-6;12161;Aktive Technik verbaut ohne IHVK;Ja;09.01.2023;21.02.2024;04.07.2024;Nein
07G17;Tempelhof-Schöneberg;G;Stechlinsee-Grundschule;Rheingaustr. 7;12161;Aktive Technik verbaut ohne IHVK;Ja;09.01.2023;12.08.2025;05.09.2025;Nein
07Y04;Tempelhof-Schöneberg;Y;Paul-Natorp-Gymnasium;Goßlerstr. 13-15;12161;Aktive Technik verbaut ohne IHVK;Ja;09.01.2023;11.08.2025;12.09.2025;Nein
07G23;Tempelhof-Schöneberg;G;Schätzelberg-Grundschule;Wolfsburger Weg 13-19;12109;Aktive Technik verbaut ohne IHVK;Ja;12.12.2022;25.07.2025;15.08.2025;Nein
07G31;Tempelhof-Schöneberg;G;Carl-Sonnenschein-Grundschule;Am Hellespont 4-6;12109;Aktive Technik verbaut ohne IHVK;Ja;12.12.2022;12.08.2025;27.08.2025;Nein
07Y05;Tempelhof-Schöneberg;Y;Luise-Henriette-Gymnasium;Kurfürstenstr. 53-54;12105;Aktive Technik verbaut ohne IHVK;Ja;12.12.2022;24.06.2025;30.06.2025;Nein
07G28;Tempelhof-Schöneberg;G;Kiepert-Grundschule;Prechtlstr. 21-23;12277;Aktive Technik verbaut;Ja;05.12.2022;26.05.2025;24.07.2025;Nein
07G34;Tempelhof-Schöneberg;G;Marienfelder Schule (Grundschule);Erbendorfer Weg 13;12279;Anschluss nutzbar;Ja;05.12.2022;15.07.2025;01.08.2025;Ja
07G34b;Tempelhof-Schöneberg;G;Marienfelder Schule (Grundschule);Tirschenreuther Ring 69;12279;Aktive Technik verbaut;Ja;05.12.2022;20.02.2025;23.07.2025;Nein
07K05;Tempelhof-Schöneberg;K;Solling-Schule;Alt-Marienfelde 52;12277;Aktive Technik verbaut ohne IHVK;Ja;05.12.2022;30.06.2025;20.08.2025;Nein
07G30;Tempelhof-Schöneberg;G;Annedore-Leber-Grundschule;Halker Zeile 137-149;12305;Aktive Technik verbaut;Ja;28.11.2022;05.08.2025;29.08.2025;Nein
07K04;Tempelhof-Schöneberg;K;Theodor-Haubach-Schule;Grimmstr. 9-11;12305;Aktive Technik verbaut ohne IHVK;Ja;28.11.2022;04.08.2025;12.09.2025;Nein
07Y09;Tempelhof-Schöneberg;Y;Georg-Büchner-Gymnasium;Lichtenrader Damm 224;12305;Aktive Technik verbaut;Ja;28.11.2022;05.07.2024;11.09.2024;Nein
07G26;Tempelhof-Schöneberg;G;Grundschule im Taunusviertel;Wiesbadener Str. 20;12309;Anschluss nutzbar;Ja;21.11.2022;18.02.2025;04.07.2025;Ja
07G29;Tempelhof-Schöneberg;G;Käthe-Kollwitz-Grundschule;Mellener Str. 38-42;12307;Aktive Technik verbaut ohne IHVK;Ja;14.11.2022;14.02.2025;19.05.2025;Nein
07G29b;Tempelhof-Schöneberg;G;Käthe-Kollwitz-Grundschule;Rehagener Str. 42;12307;Aktive Technik verbaut ohne IHVK;Ja;14.11.2022;07.07.2025;29.07.2025;Nein
07G32;Tempelhof-Schöneberg;G;Bruno-H.-Bürgel-Grundschule;Rackebüller Weg 70;12305;Aktive Technik verbaut;Ja;14.11.2022;04.04.2025;30.04.2025;Nein
07Y08;Tempelhof-Schöneberg;Y;Ulrich-von-Hutten-Gymnasium;Rehagener Str. 35-37;12307;Aktive Technik verbaut ohne IHVK;Ja;14.11.2022;25.07.2025;21.08.2025;Nein
07G05;Tempelhof-Schöneberg;G;Havelland-Grundschule;Kolonnenstr. 30 - 30a;10829;Anschluss nutzbar;Ja;17.10.2022;17.03.2025;27.05.2025;Ja
07G10;Tempelhof-Schöneberg;G;Teltow-Grundschule;Feurigstr. 57;10827;Aktive Technik verbaut ohne IHVK;Ja;17.10.2022;11.08.2025;11.09.2025;Nein
07Y01;Tempelhof-Schöneberg;Y;Robert-Blum-Gymnasium;Kolonnenstr. 21;10829;Aktive Technik verbaut ohne IHVK;Ja;17.10.2022;11.08.2025;08.09.2025;Nein
07G06;Tempelhof-Schöneberg;G;Sternberg-Grundschule;Mettestr. 8;10825;Anschluss nutzbar;Ja;10.10.2022;16.02.2025;20.05.2025;Ja
07K10;Tempelhof-Schöneberg;K;Friedrich-Bergius-Schule;Perelsplatz 6-9;12159;Aktive Technik verbaut;Ja;10.10.2022;12.08.2025;25.08.2025;Nein
07Y02;Tempelhof-Schöneberg;Y;Rückert-Gymnasium;Mettestr. 8;10825;Aktive Technik verbaut;Ja;10.10.2022;06.05.2025;30.05.2025;Nein
07G21;Tempelhof-Schöneberg;G;Grundschule auf dem Tempelhofer Feld;Schulenburgring 7-11;12101;Aktive Technik verbaut;Ja;26.09.2022;15.05.2025;21.07.2025;Nein
07G24;Tempelhof-Schöneberg;G;Tempelherren-Grundschule;Boelckestr. 58-60;12101;Aktive Technik verbaut ohne IHVK;Ja;26.09.2022;11.07.2025;10.09.2025;Nein
07K11;Tempelhof-Schöneberg;K;Hugo-Gaudig-Schule;Boelckestr. 58-60;12101;Aktive Technik verbaut ohne IHVK;Ja;26.09.2022;17.07.2025;20.08.2025;Nein
07G01;Tempelhof-Schöneberg;G;Spreewald-Grundschule;Pallasstr. 15;10781;Anschluss nutzbar;Ja;19.09.2022;26.06.2025;14.08.2025;Ja
07G13;Tempelhof-Schöneberg;G;Neumark-Grundschule;Steinmetzstr. 46-50;10783;APL installiert;Ja;19.09.2022;01.10.2025;;Nein
07G14;Tempelhof-Schöneberg;G;Löcknitz-Grundschule;Berchtesgadener Str. 10-11;10779;Aktive Technik verbaut;Ja;19.09.2022;15.07.2025;26.08.2025;Nein
07G18;Tempelhof-Schöneberg;G;Grundschule am Barbarossaplatz;Barbarossaplatz 5;10781;Anschluss nutzbar;Ja;19.09.2022;11.07.2025;13.08.2025;Ja
07G02;Tempelhof-Schöneberg;G;Finow-Grundschule;Welserstr. 16-22;10777;Anschluss nutzbar;Ja;12.09.2022;02.12.2022;30.08.2024;Ja
07G03;Tempelhof-Schöneberg;G;Werbellinsee-Grundschule;Luitpoldstr. 38;10781;Anschluss nutzbar;Ja;12.09.2022;17.02.2025;27.05.2025;Ja
07G12;Tempelhof-Schöneberg;G;Scharmützelsee-Grundschule;Hohenstaufenstr. 49;10779;Anschluss nutzbar;Ja;12.09.2022;19.05.2025;06.08.2025;Ja
07K12c;Tempelhof-Schöneberg;K;Friedenauer Gemeinschaftsschule;Otzenstr. 16-17;12157;Aktive Technik verbaut;Ja;29.08.2022;27.05.2025;30.07.2025;Nein
07S01;Tempelhof-Schöneberg;S;Prignitz-Schule;Pöppelmannstr. 2;12157;APL installiert;Ja;29.08.2022;17.03.2025;;Nein
07K12;Tempelhof-Schöneberg;K;Friedenauer Gemeinschaftsschule;Rubensstr. 63;12157;Aktive Technik in Planung;Ja;28.08.2022;21.03.2025;;Nein
07K09;Tempelhof-Schöneberg;K;Gustav-Langenscheidt-Schule;Belziger Str. 43-51;10823;Anschluss nutzbar;Ja;11.03.2022;07.04.2022;17.05.2022;Ja
08G16;Neukölln;G;Hugo-Heimann-Schule (Grundschule);Hugo-Heimann-Str. 20;12353;Begehung durchgeführt;Ja;15.08.2022;;;Nein
08K11b;Neukölln;K;Alfred-Nobel-Schule;Parchimer Allee 111;12347;Anschluss nutzbar;Ja;15.08.2022;21.03.2025;30.04.2025;Ja
08G11;Neukölln;G;Schliemann-Schule (Grundschule);Groß-Ziethener Chaussee 81;12355;Anschluss nutzbar;Ja;08.08.2022;20.02.2025;31.03.2025;Ja
08G30;Neukölln;G;Schule am Sandsteinweg (Grundschule);Hornblendeweg 2;12349;Anschluss nutzbar;Ja;08.08.2022;18.09.2024;16.10.2024;Ja
08G18;Neukölln;G;Eduard-Mörike-Schule (Grundschule);Stuttgarter Str. 35;12059;Anschluss nutzbar;Ja;25.07.2022;05.09.2024;30.09.2024;Ja
08G31;Neukölln;G;Janusz-Korczak-Schule (Grundschule);Wildhüterweg 5;12353;Anschluss nutzbar;Ja;22.08.2022;07.08.2024;31.10.2024;Ja
08G17;Neukölln;G;Richard-Schule (Grundschule);Richardplatz 14;12055;Anschluss nutzbar;Ja;22.08.2022;22.02.2024;30.09.2024;Ja
08G25;Neukölln;G;Michael-Ende-Schule (Grundschule);Neuhofer Str. 41;12355;Anschluss nutzbar;Ja;22.08.2022;12.01.2024;23.05.2024;Ja
08K08b;Neukölln;K;Gemeinschaftsschule auf dem Campus Rütli;Weserstr. 12;12045;Anschluss nutzbar;Ja;15.08.2022;23.10.2023;13.03.2024;Ja
08G01;Neukölln;G;Rixdorfer Schule (Grundschule);Donaustr. 120;12043;Anschluss nutzbar;Ja;25.07.2022;13.10.2023;31.10.2023;Ja
08K13;Neukölln;K;Gemeinschaftsschule Campus Efeuweg;Efeuweg 34;12357;Anschluss nutzbar;Ja;08.08.2022;13.09.2023;17.06.2024;Ja
08G13;Neukölln;G;Bruno-Taut-Schule (Grundschule);Bruno-Taut-Ring 9C;12359;Anschluss nutzbar;Ja;08.08.2022;14.08.2023;15.04.2024;Ja
08G09;Neukölln;G;Regenbogen-Schule (Grundschule);Morusstr. 32;12053;Anschluss nutzbar;Ja;25.07.2022;21.07.2023;23.08.2023;Ja
08G29;Neukölln;G;Wetzlar-Schule (Grundschule);Tischlerzeile 34;12351;Anschluss nutzbar;Ja;22.08.2022;18.07.2023;20.06.2024;Ja
08G34;Neukölln;G;Lisa-Tetzner-Schule (Grundschule);Hasenhegerweg 12;12353;Anschluss nutzbar;Ja;08.08.2022;12.07.2023;10.09.2024;Ja
08S07;Neukölln;S;Schule am Bienwaldring;Breitunger Weg 1;12349;Anschluss nutzbar;Ja;29.08.2022;07.07.2023;14.05.2024;Ja
08G22;Neukölln;G;Schule am Regenweiher (Grundschule);Johannisthaler Chaussee 328;12351;Anschluss nutzbar;Ja;15.08.2022;29.06.2023;19.02.2024;Ja
08G19;Neukölln;G;Herman-Nohl-Schule (Grundschule);Hannemannstr. 68;12347;Anschluss nutzbar;Ja;08.08.2022;28.06.2023;23.05.2024;Ja
08G27;Neukölln;G;Oskar-Heinroth-Schule (Grundschule);Rohrdommelweg 1;12359;Anschluss nutzbar;Ja;15.08.2022;27.06.2023;11.03.2024;Ja
08G35;Neukölln;G;Schule in der Köllnischen Heide (Grundschule);Hänselstr. 6;12057;Anschluss nutzbar;Ja;08.08.2022;27.06.2023;23.04.2024;Ja
08S06;Neukölln;S;Hans-Fallada-Schule;Harzer Str. 73-74;12059;Anschluss nutzbar;Ja;01.08.2022;19.06.2023;25.10.2023;Ja
08G37;Neukölln;G;Rose-Oehmichen-Schule (Grundschule);Lieselotte-Berger-Str. 65;12355;Anschluss nutzbar;Ja;29.08.2022;13.06.2023;16.01.2024;Ja
08S08;Neukölln;S;Schilling-Schule;Paster-Behrens-Str. 81;12359;Anschluss nutzbar;Ja;15.08.2022;10.06.2023;23.11.2023;Ja
08S09;Neukölln;S;Schule an der Windmühle;Buckower Damm 176;12349;Anschluss nutzbar;Ja;18.07.2022;10.06.2023;26.02.2024;Ja
08G15;Neukölln;G;Hermann-Sander-Schule (Grundschule);Mariendorfer Weg 69;12051;Anschluss nutzbar;Ja;01.08.2022;08.06.2023;12.10.2023;Ja
08K05;Neukölln;K;Clay-Schule;Bildhauerweg 9;12355;Aktive Technik verbaut;Ja;29.08.2022;07.06.2023;30.05.2024;Nein
08K05b;Neukölln;K;Clay-Schule (NEU);Neudecker Weg 14-22;12355;Anschluss nutzbar;Ja;16.02.2023;07.06.2023;16.08.2023;Ja
08K06b;Neukölln;K;Fritz-Karsen-Schule (Gemeinschaftsschule);Backbergstr. 37;12359;Aktive Technik verbaut;Ja;29.08.2022;06.06.2023;28.09.2023;Nein
08G06;Neukölln;G;Karl-Weise-Schule (Grundschule);Weisestr. 20;12049;Anschluss nutzbar;Ja;01.08.2022;05.05.2023;09.10.2023;Ja
08G12;Neukölln;G;Peter-Petersen-Schule (Grundschule);Jonasstr. 15;12053;Anschluss nutzbar;Ja;01.08.2022;05.05.2023;20.09.2023;Ja
08G14;Neukölln;G;Konrad-Agahd-Schule (Grundschule);Thomasstr. 39;12053;Anschluss nutzbar;Ja;01.08.2022;05.05.2023;10.10.2023;Ja
08K02b;Neukölln;K;Hermann-von-Helmholtz-Schule;Wutzkyallee 80;12353;Aktive Technik verbaut;Ja;07.02.2023;04.05.2023;29.11.2023;Nein
08G08;Neukölln;G;Karlsgarten-Schule (Grundschule);Karlsgartenstr. 7;12049;Anschluss nutzbar;Ja;15.08.2022;28.04.2023;19.09.2023;Ja
08G24;Neukölln;G;Schule am Teltowkanal (Grundschule);Rungiusstr. 46;12347;Anschluss nutzbar;Ja;01.08.2022;25.04.2023;09.10.2023;Ja
08G33;Neukölln;G;Schule am Fliederbusch (Grundschule);Kornradenstr. 2;12357;Anschluss nutzbar;Ja;22.08.2022;24.04.2023;11.10.2023;Ja
08K11;Neukölln;K;Alfred-Nobel-Schule;Britzer Damm 164;12347;Anschluss nutzbar;Ja;25.07.2022;20.04.2023;20.12.2023;Ja
08G05;Neukölln;G;Elbe-Schule (Grundschule);Elbestr. 11;12045;Anschluss nutzbar;Ja;25.07.2022;19.04.2023;26.09.2023;Ja
08K08;Neukölln;K;Gemeinschaftsschule auf dem Campus Rütli;Rütlistr. 41;12045;Anschluss nutzbar;Ja;15.08.2022;17.04.2023;15.03.2024;Ja
08K10;Neukölln;K;Zuckmayer-Schule;Kopfstr. 55;12053;Anschluss nutzbar;Ja;11.07.2022;11.04.2023;12.10.2023;Ja
08Y04;Neukölln;Y;Ernst-Abbe-Gymnasium;Sonnenallee 79;12045;Anschluss nutzbar;Ja;11.07.2022;16.02.2023;04.07.2023;Ja
08K06;Neukölln;K;Fritz-Karsen-Schule (Gemeinschaftsschule);Onkel-Bräsig-Str. 76;12359;Anschluss nutzbar;Ja;18.07.2022;02.02.2023;18.07.2024;Ja
08Y05b;Neukölln;Y;Leonardo-da-Vinci-Gymnasium (NEU);Christoph-Ruden-Str. 3;12349;Anschluss nutzbar;Ja;18.11.2022;01.02.2023;30.08.2024;Ja
08G26;Neukölln;G;Christoph-Ruden-Schule (Grundschule);An den Achterhöfen 13;12349;Anschluss nutzbar;Ja;29.08.2022;20.01.2023;05.08.2024;Ja
08Y06;Neukölln;Y;Hannah-Arendt-Gymnasium;Elfriede-Kuhr-Str. 17;12355;Anschluss nutzbar;Ja;08.08.2022;20.01.2023;23.08.2023;Ja
08K06c;Neukölln;K;Fritz-Karsen-Schule (Gemeinschaftsschule);Fulhamer Allee 30;12359;Aktive Technik verbaut;Ja;18.07.2022;18.01.2023;21.08.2023;Nein
08G21;Neukölln;G;Silberstein-Schule (Grundschule);Silbersteinstr. 42;12051;Anschluss nutzbar;Ja;11.07.2022;16.12.2022;17.07.2023;Ja
08G36;Neukölln;G;Löwenzahn-Schule (Grundschule);Drorystr. 3;12055;Anschluss nutzbar;Ja;25.07.2022;02.12.2022;01.10.2024;Ja
08K02;Neukölln;K;Hermann-von-Helmholtz-Schule;Wutzkyallee 68;12353;Anschluss nutzbar;Ja;18.07.2022;28.10.2022;08.11.2023;Ja
08S04;Neukölln;S;Schule am Zwickauer Damm;Zwickauer Damm 16-22;12353;Anschluss nutzbar;Ja;18.07.2022;18.10.2022;13.03.2024;Ja
08G02;Neukölln;G;Theodor-Storm-Schule (Grundschule);Hobrechtstr. 76;12043;Anschluss nutzbar;Ja;25.07.2022;17.10.2022;08.09.2023;Ja
08G20;Neukölln;G;Sonnen-Schule (Grundschule);Dammweg 228;12057;Aktive Technik verbaut;Ja;11.07.2022;12.10.2022;26.03.2024;Nein
08G28;Neukölln;G;Matthias-Claudius-Schule (Grundschule);Köpenicker Str. 148;12355;Anschluss nutzbar;Ja;18.07.2022;07.10.2022;10.04.2024;Ja
08G06b;Neukölln;G;Karl-Weise-Schule (Grundschule);Lichtenrader Straße 4A;12049;Anschluss nutzbar;Ja;18.07.2022;23.09.2022;01.03.2024;Ja
08Y01;Neukölln;Y;Albrecht-Dürer-Gymnasium;Emser Str. 133-137;12051;Aktive Technik verbaut;Ja;11.07.2022;23.09.2022;15.04.2024;Nein
08G07;Neukölln;G;Hermann-Boddin-Schule (Grundschule);Boddinstr. 55;12053;Anschluss nutzbar;Ja;11.07.2022;16.09.2022;07.05.2024;Ja
08K03;Neukölln;K;Otto-Hahn-Schule;Buschkrugallee 63;12359;Anschluss nutzbar;Ja;11.07.2022;16.09.2022;20.03.2024;Ja
08S01;Neukölln;S;Adolf-Reichwein-Schule;Sonnenallee 188;12059;Anschluss nutzbar;Ja;11.07.2022;16.09.2022;09.02.2024;Ja
08K09;Neukölln;K;Röntgen-Schule;Wildenbruchstr. 53;12435;Anschluss nutzbar;Ja;01.02.2022;16.02.2022;16.05.2022;Ja
09G09;Treptow-Köpenick;G;Heide-Schule (Grundschule);Florian-Geyer-Str. 87;12489;Anschluss nutzbar;Ja;02.08.2022;10.04.2025;14.05.2025;Ja
09G19;Treptow-Köpenick;G;Amtsfeld-Schule (Grundschule);Pablo-Neruda-Str. 8;12559;Anschluss nutzbar;Ja;21.07.2022;11.03.2025;31.03.2025;Ja
09G25;Treptow-Köpenick;G;Müggelschlößchen-Schule (Grundschule);Alfred-Randt-Str. 56;12559;Begehung durchgeführt;Ja;21.07.2022;;;Nein
09G25b;Treptow-Köpenick;G;Müggelschlößchen-Schule (Grundschule);Alfred-Randt-Str. 54;12559;Begehung durchgeführt;Ja;21.07.2022;;;Nein
09Y11;Treptow-Köpenick;Y;Emmy-Noether-Gymnasium;Pablo-Neruda-Str. 6-7;12559;Anschluss nutzbar;Ja;01.08.2022;11.03.2025;04.04.2025;Ja
09G18;Treptow-Köpenick;G;Schule in der Köllnischen Vorstadt (Grundschule);Rudower Str. 201;12557;Anschluss nutzbar;Ja;25.07.2022;17.02.2025;12.03.2025;Ja
09G19b;Treptow-Köpenick;G;Amtsfeld-Schule (Grundschule);Solvador-Allende-Str. 93;12559;Aktive Technik verbaut;Ja;21.07.2022;06.12.2024;19.12.2024;Nein
09G05;Treptow-Köpenick;G;Schule am Ginkobaum (Grundschule);Springbornstr. 250;12487;Anschluss nutzbar;Ja;02.08.2022;18.10.2024;09.12.2024;Ja
09S06;Treptow-Köpenick;S;Schule am Wildgarten;Köpenicker Landstr. 185 A;12437;Anschluss nutzbar;Ja;26.07.2022;13.06.2024;27.06.2024;Ja
09A05;Treptow-Köpenick;A;Treptow-Kolleg;Kiefholzstr. 274;12437;Anschluss nutzbar;Ja;22.07.2022;07.05.2024;06.06.2024;Ja
09G03;Treptow-Köpenick;G;Schule am Heidekampgraben (Grundschule);Hänselstr. 14;12437;Anschluss nutzbar;Ja;22.07.2022;07.05.2024;05.06.2024;Ja
09K09;Treptow-Köpenick;K;Grünauer Gemeinschaftsschule;Walchenseestr. 40;12527;Anschluss nutzbar;Ja;26.07.2022;25.01.2024;04.04.2024;Ja
09G26;Treptow-Köpenick;G;Schule an den Püttbergen (Grundschule);Fürstenwalder Allee 182;12589;Anschluss nutzbar;Ja;01.07.2022;12.10.2023;26.04.2024;Ja
09K07c;Treptow-Köpenick;G;Sophie-Brahe-Gemeinschaftsschule;Willi-Sänger-Str. 1;12437;Anschluss nutzbar;Ja;16.05.2022;12.10.2023;15.01.2024;Ja
09G22;Treptow-Köpenick;G;Schule an der Wuhlheide (Grundschule);Kottmeierstr. 2;12459;Anschluss nutzbar;Ja;04.07.2022;10.10.2023;12.01.2024;Ja
09G13;Treptow-Köpenick;G;Schule am Altglienicker Wasserturm (Grundschule);Sachsenstr. 22;12524;Anschluss nutzbar;Ja;14.07.2022;29.09.2023;20.02.2024;Ja
09G17;Treptow-Köpenick;G;Uhlenhorst-Grundschule;Wongrowitzer Steig 37;12555;Anschluss nutzbar;Ja;25.08.2022;24.08.2023;31.01.2024;Ja
09G31;Treptow-Köpenick;G;31. Schule (Grundschule);Keplerstr. 10;12459;Anschluss nutzbar;Ja;04.07.2022;12.07.2023;16.01.2024;Ja
09K05;Treptow-Köpenick;K;Wilhelm-Bölsche-Schule (Integrierte Sekundarschule);Aßmannstr. 11;12587;Anschluss nutzbar;Ja;20.07.2022;12.07.2023;15.01.2024;Ja
09K07;Treptow-Köpenick;K;Sophie-Brahe-Gemeinschaftsschule;Am Plänterwald 17;12435;Anschluss nutzbar;Ja;16.05.2022;16.06.2023;29.04.2024;Ja
09K03;Treptow-Köpenick;K;Fritz-Kühn-Schule (Integrierte Sekundarschule);Dahmestr. 45;12526;Anschluss nutzbar;Ja;25.08.2022;06.06.2023;07.12.2023;Ja
09K03b;Treptow-Köpenick;K;Fritz-Kühn-Schule (Integrierte Sekundarschule);Dahmestr. 36;12526;Anschluss nutzbar;Ja;25.08.2022;06.06.2023;30.11.2023;Ja
09G04;Treptow-Köpenick;G;Sonnenblumen-Schule (Grundschule);Radenzer Str. 16;12437;Anschluss nutzbar;Ja;01.07.2022;16.05.2023;29.11.2023;Ja
09G11;Treptow-Köpenick;G;Schule am Pegasuseck (Grundschule);Pegasuseck 5;12524;Aktive Technik verbaut;Ja;04.08.2022;12.05.2023;01.12.2023;Nein
09G23;Treptow-Köpenick;G;Hauptmann-von-Köpenick-Schule (Grundschule);Borgmannstr. 2;12555;Anschluss nutzbar;Ja;04.08.2022;11.05.2023;22.01.2024;Ja
09K01b;Treptow-Köpenick;K;Merian-Schule (Integrierte Sekundarschule);Mittelheide 49;12555;Anschluss nutzbar;Ja;25.07.2022;11.05.2023;10.11.2023;Ja
09K06;Treptow-Köpenick;K;Hans-Grade-Schule (Integrierte Sekundarschule);Heubergerweg 37;12487;Anschluss nutzbar;Ja;04.08.2022;11.05.2023;20.12.2023;Ja
09G30;Treptow-Köpenick;G;Kiefholz-Grundschule;Kiefholzstr. 45;12435;Anschluss nutzbar;Ja;22.07.2022;25.04.2023;09.01.2024;Ja
09S04;Treptow-Köpenick;S;Ahorn-Schule;Peter-Hille-Str. 118;12587;Anschluss nutzbar;Ja;04.08.2022;18.04.2023;15.01.2024;Ja
09G20;Treptow-Köpenick;G;Müggelheimer Schule (Grundschule);Odernheimer Str. 28;12559;Anschluss nutzbar;Ja;04.07.2022;12.04.2023;08.12.2023;Ja
09G29;Treptow-Köpenick;G;Schmöckwitzer Insel-Schule (Grundschule);Adlergestell 776;12527;Anschluss nutzbar;Ja;11.07.2022;22.03.2023;13.02.2024;Ja
09G16;Treptow-Köpenick;G;Wendenschloß-Schule (Grundschule);Köpenzeile 123;12557;Anschluss nutzbar;Ja;26.07.2022;21.03.2023;12.01.2024;Ja
09G15;Treptow-Köpenick;G;Schule am Mohnweg (Grundschule);Mohnweg 20;12524;Anschluss nutzbar;Ja;25.07.2022;15.03.2023;16.10.2023;Ja
09K08;Treptow-Köpenick;K;Schule an der Dahme (Integrierte Sekundarschule);Glienicker Str. 24-30;12557;Aktive Technik verbaut;Ja;14.07.2022;15.03.2023;06.02.2024;Nein
09G27;Treptow-Köpenick;G;Friedrichshagener Schule (Grundschule);Peter-Hille-Str. 7;12587;Anschluss nutzbar;Ja;01.07.2022;14.03.2023;01.12.2023;Ja
09G27b;Treptow-Köpenick;G;Friedrichshagener Schule (Grundschule);Peter-Hille-Str. 18;12587;Aktive Technik verbaut;Ja;01.07.2022;14.03.2023;09.01.2024;Nein
09G14;Treptow-Köpenick;G;Schule am Buntzelberg (Grundschule);Schulzendorfer Str. 112;12526;Anschluss nutzbar;Ja;24.10.2022;23.02.2023;29.11.2023;Ja
09G09b;Treptow-Köpenick;G;Heide-Schule (Grundschule);Waldstr. 7;12489;Anschluss nutzbar;Ja;02.08.2022;15.02.2023;12.01.2024;Ja
09G06;Treptow-Köpenick;G;Melli-Beese-Schule (Grundschule);Engelhardstr. 18;12487;Anschluss nutzbar;Ja;25.07.2022;14.02.2023;01.02.2024;Ja
09K01;Treptow-Köpenick;K;Merian-Schule (Integrierte Sekundarschule);Hoernlestr. 80;12555;Anschluss nutzbar;Ja;25.07.2022;06.02.2023;04.09.2023;Ja
09G21;Treptow-Köpenick;G;Edison-Grundschule;Wattstr. 69-70;12459;Anschluss nutzbar;Ja;02.08.2022;28.01.2023;30.08.2023;Ja
09G24;Treptow-Köpenick;G;Müggelsee-Schule (Grundschule);Aßmannstr. 63;12587;Anschluss nutzbar;Ja;21.07.2022;17.01.2023;24.03.2023;Ja
09Y06;Treptow-Köpenick;Y;Gerhart-Hauptmann-Gymnasium;Bruno-Wille-Str. 37/39;12587;Anschluss nutzbar;Ja;20.07.2022;02.12.2022;20.10.2023;Ja
09G24b;Treptow-Köpenick;G;Müggelsee-Schule (Grundschule);Rahnsdorfer Str. 35;12587;Anschluss nutzbar;Ja;25.08.2022;01.12.2022;09.01.2024;Ja
09G10;Treptow-Köpenick;G;Schule am Berg (Grundschule);Köpenicker Str. 31;12524;Anschluss nutzbar;Ja;01.07.2022;28.11.2022;29.11.2023;Ja
09K07b;Treptow-Köpenick;K;Sophie-Brahe-Gemeinschaftsschule;Am Plänterwald 23;12435;Anschluss nutzbar;Ja;16.05.2022;04.10.2022;24.04.2023;Ja
09K04;Treptow-Köpenick;K;Isaac-Newton-Schule (Integrierte Sekundarschule);Zeppelinstr. 80/88;12459;Anschluss nutzbar;Ja;04.07.2022;29.09.2022;29.03.2023;Ja
09G01;Treptow-Köpenick;G;Bouché-Schule (Grundschule);Bouchestr. 5;12435;Anschluss nutzbar;Ja;16.05.2022;14.07.2022;25.07.2023;Ja
09G07;Treptow-Köpenick;G;Schule an der alten Feuerwache (Grundschule);Schnellerstr. 31;12439;Anschluss nutzbar;Ja;16.05.2022;14.07.2022;29.03.2023;Ja
09K02;Treptow-Köpenick;K;Anna-Seghers-Schule (Gemeinschaftsschule);Radickestr. 43;12489;Anschluss nutzbar;Ja;20.01.2022;02.02.2022;24.03.2022;Ja
10A04;Marzahn-Hellersdorf;A;Victor-Klemperer-Kolleg;Martha-Arendsee-Str. 15;12681;Anschluss nutzbar;Ja;14.06.2022;10.10.2022;16.12.2022;Ja
10G01;Marzahn-Hellersdorf;G;Paavo-Nurmi-Grundschule;Schorfheidestr. 42;12689;Anschluss nutzbar;Ja;21.06.2022;29.09.2023;16.01.2024;Ja
10G03;Marzahn-Hellersdorf;G;Selma-Lagerlöf-Grundschule;Wörlitzer Str. 31;12689;Anschluss nutzbar;Ja;02.08.2022;29.09.2023;22.11.2023;Ja
10G04;Marzahn-Hellersdorf;G;Falken-Grundschule;Geraer Ring 2;12689;Anschluss nutzbar;Ja;10.05.2022;09.11.2022;16.12.2022;Ja
10G05;Marzahn-Hellersdorf;G;Ebereschen-Grundschule;Borkheider Str. 28;12689;Anschluss nutzbar;Ja;21.06.2022;29.09.2023;14.11.2023;Ja
10G07;Marzahn-Hellersdorf;G;Karl-Friedrich-Friesen-Grundschule;Max-Herrmann-Str. 5;12687;Anschluss nutzbar;Ja;18.07.2022;24.03.2025;20.05.2025;Ja
10G08;Marzahn-Hellersdorf;G;Wilhelm-Busch-Grundschule;Parsteiner Ring 24/46;12679;Anschluss nutzbar;Ja;14.06.2022;29.09.2023;02.11.2023;Ja
10G09;Marzahn-Hellersdorf;G;Grundschule am Bürgerpark;Jan-Petersen-Str. 18 B;12679;Aktive Technik in Planung;Ja;14.06.2022;13.10.2025;;Nein
10G10;Marzahn-Hellersdorf;G;Peter-Pan-Grundschule;Stolzenhagener Str. 9;12679;Anschluss nutzbar;Ja;13.05.2022;28.08.2024;06.09.2024;Ja
10G11;Marzahn-Hellersdorf;G;Grundschule an der Mühle;Kienbergstr. 59;12685;Anschluss nutzbar;Ja;14.06.2022;13.03.2023;16.08.2023;Ja
10G12;Marzahn-Hellersdorf;G;Grundschule an der Geißenweide;Amanlisweg 40;12685;Anschluss nutzbar;Ja;08.08.2022;03.11.2023;31.07.2025;Ja
10G13;Marzahn-Hellersdorf;G;Johann-Strauss-Grundschule;Cecilienstr. 80/81;12683;Anschluss nutzbar;Ja;13.05.2022;28.10.2022;16.12.2022;Ja
10G14;Marzahn-Hellersdorf;G;Grundschule unter dem Regenbogen;Murtzaner Ring 35/37;12681;Aktive Technik verbaut;Ja;13.05.2022;20.03.2023;25.10.2023;Nein
10G16;Marzahn-Hellersdorf;G;Fuchsberg-Grundschule;Apfelwicklerstr. 4/6;12683;Anschluss nutzbar;Ja;16.06.2022;06.02.2024;22.03.2024;Ja
10G17;Marzahn-Hellersdorf;G;Beatrix-Potter-Grundschule;Ludwigsfelder Str. 7;12629;Anschluss nutzbar;Ja;19.07.2022;14.02.2024;22.04.2024;Ja
10G18;Marzahn-Hellersdorf;G;Pusteblume-Grundschule;Kastanienallee 118;12627;Anschluss nutzbar;Ja;13.05.2022;05.05.2023;23.01.2024;Ja
10G19;Marzahn-Hellersdorf;G;Bücherwurm-Schule am Weiher (Grundschule);Eilenburger Str. 1;12627;Begehung durchgeführt;Ja;17.06.2022;;;Nein
10G22;Marzahn-Hellersdorf;G;Kolibri-Grundschule;Schönewalder Str. 9;12627;Anschluss nutzbar;Ja;19.07.2022;28.03.2024;23.04.2024;Ja
10G25;Marzahn-Hellersdorf;G;Grundschule am Schleipfuhl;Nossener Str. 85;12627;Anschluss nutzbar;Ja;10.08.2022;12.02.2025;25.03.2025;Ja
10G25b;Marzahn-Hellersdorf;G;Grundschule am Schleipfuhl - Filiale Dankratweg;Dankratweg 19;12683;In Planung;Ja;;;;Nein
10G26;Marzahn-Hellersdorf;G;Friedrich-Schiller-Grundschule;An der Schule 13-17;12623;Anschluss nutzbar;Ja;16.06.2022;10.12.2024;19.12.2024;Ja
10G28;Marzahn-Hellersdorf;G;Grundschule am Hollerbusch;Erich-Kästner-Str. 64;12619;Aktive Technik in Planung;Ja;18.07.2022;09.10.2025;;Nein
10G29;Marzahn-Hellersdorf;G;Grundschule an der Wuhle;Teterower Ring 79;12619;Anschluss nutzbar;Ja;18.07.2022;11.10.2023;04.12.2023;Ja
10G30;Marzahn-Hellersdorf;G;Mahlsdorfer Grundschule;Feldrain 47;12623;Anschluss nutzbar;Ja;18.01.2022;02.02.2022;30.03.2022;Ja
10G31;Marzahn-Hellersdorf;G;Franz-Carl-Achard-Grundschule;Adolfstr. 25;12621;Anschluss nutzbar;Ja;20.07.2022;10.11.2023;12.01.2024;Ja
10G32;Marzahn-Hellersdorf;G;Kiekemal-Schule (Grundschule);Hultschiner Damm 219;12623;Anschluss nutzbar;Ja;10.05.2022;20.10.2022;09.12.2022;Ja
10G33;Marzahn-Hellersdorf;G;Ulmen-Grundschule;Ulmenstr. 79-85;12621;Anschluss nutzbar;Ja;19.07.2022;15.03.2024;22.04.2024;Ja
10G34;Marzahn-Hellersdorf;G;34. Schule (Grundschule);Geraer Ring 54;12689;Anschluss nutzbar;Ja;16.06.2022;12.06.2023;19.07.2023;Ja
10G36;Marzahn-Hellersdorf;G;Grundschule Naumburger Ring;Ecke Naumburger Ring und Weißenfelser Straße;12627;Anschluss nutzbar;Ja;28.11.2022;25.06.2024;30.08.2024;Ja
10G37;Marzahn-Hellersdorf;G;Grundschule Elsenstrasse;Elsentstr. 7-9;12623;Anschluss nutzbar;Ja;20.09.2022;17.03.2025;07.04.2025;Ja
10K02;Marzahn-Hellersdorf;K;Ernst-Haeckel-Schule;Luckenwalder Str. 53;12629;Begehung durchgeführt;Ja;20.07.2022;;;Nein
10K03;Marzahn-Hellersdorf;K;Kerschensteiner-Schule;Golliner Str. 2;12689;Anschluss nutzbar;Ja;16.06.2022;29.09.2023;16.01.2024;Ja
10K05;Marzahn-Hellersdorf;K;Jean-Piaget-Schule;Mittenwalder Str. 5;12629;Anschluss nutzbar;Ja;20.07.2022;22.03.2023;07.09.2023;Ja
10K07;Marzahn-Hellersdorf;K;Caspar-David-Friedrich-Schule;Alte Hellersdorfer Str. 7;12629;Anschluss nutzbar;Ja;10.05.2022;27.03.2023;17.05.2023;Ja
10K08;Marzahn-Hellersdorf;K;Johann-Julius-Hecker-Schule;Hohenwalder Str. 2;12689;Anschluss nutzbar;Ja;01.08.2022;29.09.2023;06.11.2023;Ja
10K09;Marzahn-Hellersdorf;K;Konrad-Wachsmann-Schule;Geithainer Str. 12;12627;Anschluss nutzbar;Ja;18.07.2022;19.09.2024;17.10.2024;Ja
10K10;Marzahn-Hellersdorf;K;Wolfgang-Amadeus-Mozart-Schule (Gemeinschaftsschule);Cottbusser Str. 23;12627;Anschluss nutzbar;Ja;17.06.2022;25.04.2023;06.10.2023;Ja
10K11;Marzahn-Hellersdorf;K;Marcana-Schule (Gemeinschaftsschule);Flämingstr. 16-18;12689;Anschluss nutzbar;Ja;21.06.2022;29.09.2023;15.01.2024;Ja
10K12;Marzahn-Hellersdorf;K;Gretel-Bergmann-Gemeinschaftsschule;Liebensteiner Str. 24;12687;Anschluss nutzbar;Ja;05.07.2022;11.05.2023;20.10.2023;Ja
10K13;Marzahn-Hellersdorf;K;13. Schule (Integrierte Sekundarschule);An der Schule 41-59;12623;Anschluss nutzbar;Ja;19.07.2022;23.04.2024;24.05.2024;Ja
10K15;Marzahn-Hellersdorf;K;ISS Garzauer Straße;ISS Garzauer Straße 30;12683;APL installiert;Ja;20.09.2022;30.09.2025;;Nein
10S04;Marzahn-Hellersdorf;S;Schule am Pappelhof;Ketschendorfer Weg 21;12683;Anschluss nutzbar;Ja;18.07.2022;08.08.2023;20.02.2024;Ja
10S07;Marzahn-Hellersdorf;S;Schule am Rosenhain;Klingenthaler Str. 32;12627;Anschluss nutzbar;Ja;18.08.2022;12.02.2025;26.03.2025;Ja
10S08;Marzahn-Hellersdorf;S;Schule am Mummelsoll;Eilenburger Str. 4;12627;Begehung durchgeführt;Ja;17.06.2022;;;Nein
10Y02;Marzahn-Hellersdorf;Y;Otto-Nagel-Gymnasium;Schulstr. 11;12683;Anschluss nutzbar;Ja;26.07.2022;07.03.2024;30.04.2024;Ja
10Y08;Marzahn-Hellersdorf;Y;Sartre-Gymnasium;Kyritzer Str. 103;12629;Anschluss nutzbar;Ja;13.05.2022;30.01.2023;18.08.2023;Ja
10Y12;Marzahn-Hellersdorf;Y;Gymnasium Erich-Kästner-Straße;Erich-Kästner-Straße / Peter-Huchel-Straße;12619;Begehung durchgeführt;Ja;20.09.2022;;;Nein
11G01;Lichtenberg;G;Sonnenuhr-Schule (Grundschule);Franz-Jacob-Str. 33;10369;Anschluss nutzbar;Ja;26.08.2022;24.11.2023;16.02.2024;Ja
11G02;Lichtenberg;G;Schule am Roederplatz (Grundschule);Bernhard-Bästlein-Str. 22;10367;Anschluss nutzbar;Ja;08.08.2022;05.07.2024;02.10.2024;Ja
11G03;Lichtenberg;G;Schule im Gutspark (Grundschule);Josef-Orlopp-Str. 20;10367;Anschluss nutzbar;Ja;02.09.2022;20.02.2023;13.06.2023;Ja
11G05;Lichtenberg;G;Schule auf dem lichten Berg (Grundschule);Atzpodienstr. 19;10365;Anschluss nutzbar;Ja;11.05.2022;20.07.2024;05.05.2025;Ja
11G05b;Lichtenberg;G;Schule auf dem lichten Berg (Grundschule);Siegfriedstraße 208-210;10365;Anschluss nutzbar;Ja;18.08.2022;01.04.2025;29.04.2025;Ja
11G06;Lichtenberg;G;Adam-Ries-Schule (Grundschule);Alt-Friedrichsfelde 66;10315;Anschluss nutzbar;Ja;08.09.2022;20.07.2024;27.09.2024;Ja
11G07;Lichtenberg;G;Hermann-Gmeiner-Schule (Grundschule);Harnackstr. 17;10365;Anschluss nutzbar;Ja;06.09.2022;05.03.2024;25.04.2024;Ja
11G08;Lichtenberg;G;Robinson-Schule (Grundschule);Wönnichstr. 7;10317;Anschluss nutzbar;Ja;08.09.2022;27.05.2023;28.08.2023;Ja
11G09;Lichtenberg;G;Bürgermeister-Ziethen-Schule (Grundschule);Massower Str. 39;10315;Anschluss nutzbar;Ja;08.08.2022;06.06.2023;28.08.2023;Ja
11G10;Lichtenberg;G;Schule im Ostseekarree (Grundschule);Barther Str. 27;13051;Anschluss nutzbar;Ja;02.09.2022;19.09.2023;11.10.2023;Ja
11G11;Lichtenberg;G;Bernhard-Grzimek-Schule (Grundschule);Sewanstr. 184;10319;Anschluss nutzbar;Ja;18.05.2022;29.08.2022;07.06.2023;Ja
11G16;Lichtenberg;G;Schule an der Victoriastadt (Grundschule);Nöldnerstr. 44;10317;Anschluss nutzbar;Ja;12.05.2022;24.08.2022;11.07.2024;Ja
11G17;Lichtenberg;G;Brodowin-Schule (Grundschule);Liebenwalder Str. 22;13055;Anschluss nutzbar;Ja;12.08.2022;01.12.2023;28.02.2024;Ja
11G18;Lichtenberg;G;Schule am Wilhelmsberg (Grundschule);Sandinostr. 8 und Mittelstraße 16;13055;Anschluss nutzbar;Ja;30.08.2022;28.08.2023;19.09.2023;Ja
11G19;Lichtenberg;G;Obersee-Schule (Grundschule);Roedernstr. 69-72;13053;Anschluss nutzbar;Ja;06.09.2022;17.09.2024;26.09.2024;Ja
11G21;Lichtenberg;G;Schule Am Faulen See (Grundschule);Degnerstr. 71;13053;Anschluss nutzbar;Ja;06.09.2022;29.08.2023;20.09.2023;Ja
11G22;Lichtenberg;G;Martin-Niemöller-Grundschule;Am Breiten Luch 5;13053;Anschluss nutzbar;Ja;08.09.2022;11.09.2023;26.10.2023;Ja
11G23;Lichtenberg;G;Friedrichsfelder Schule (Grundschule);Lincolnstr. 67;10315;Anschluss nutzbar;Ja;18.08.2022;26.04.2023;30.10.2023;Ja
11G25;Lichtenberg;G;Schule am Wäldchen (Grundschule);Wustrower Str. 28;13051;Aktive Technik verbaut;Ja;18.05.2022;03.06.2022;31.08.2023;Nein
11G26;Lichtenberg;G;Randow-Schule (Grundschule);Randowstr. 45;13057;Anschluss nutzbar;Ja;18.05.2022;10.11.2022;05.05.2023;Ja
11G28;Lichtenberg;G;Feldmark-Schule (Grundschule);Wartiner Str. 23;13057;Anschluss nutzbar;Ja;02.09.2022;20.09.2023;16.10.2023;Ja
11G29b;Lichtenberg;G;Matibi-Schule (Grundschule);Straße 3 Nr 21;13059;Anschluss nutzbar;Ja;02.09.2022;20.11.2023;24.01.2024;Ja
11G31;Lichtenberg;G;Schmetterlings-Grundschule;Dolgenseestr. 60, Gebäude B;10319;Anschluss nutzbar;Ja;08.08.2022;24.11.2023;06.02.2024;Ja
11G32;Lichtenberg;G;Hans-Rosenthal-Grundschule;Bernhard-Bästlein-Str. 56;10367;Anschluss nutzbar;Ja;26.08.2022;04.09.2023;09.10.2023;Ja
11G33;Lichtenberg;G;33. Schule (Grundschule);Rüdigerstr. 76;10365;Anschluss nutzbar;Ja;25.05.2022;01.04.2025;30.06.2025;Ja
11G34;Lichtenberg;G;34. Schule (Grundschule);Konrad-Wolf-Str. 11;13055;Anschluss nutzbar;Ja;25.05.2022;17.10.2023;28.08.2024;Ja
11G35;Lichtenberg;G;35. Schule (Grundschule);Sewanstr. 43;10319;Anschluss nutzbar;Ja;18.08.2022;12.10.2023;22.02.2024;Ja
11G36;Lichtenberg;G;Phönix-Grundschule;Wartiner Str. 6;13057;Anschluss nutzbar;Ja;09.09.2022;21.12.2023;05.02.2024;Ja
11G37;Lichtenberg;G;37. Grundschule;Blockdammweg 60;10318;Anschluss nutzbar;Ja;19.09.2022;25.01.2024;18.03.2024;Ja
11G38;Lichtenberg;G;38. Grundschule;Paul-Junius-Str. 69;10369;Anschluss nutzbar;Ja;07.09.2022;04.09.2023;20.10.2023;Ja
11G39;Lichtenberg;G;Grundschule;Schleizer Straße 67;13055;Aktive Technik verbaut;Ja;19.09.2024;18.03.2025;04.04.2025;Nein
11K01;Lichtenberg;K;Alexander-Puschkin-Schule;Massower Str. 37;10315;Anschluss nutzbar;Ja;08.08.2022;06.06.2023;29.09.2023;Ja
11K04;Lichtenberg;K;Gutenberg-Schule;Sandinostr. 10;13055;Anschluss nutzbar;Ja;26.08.2022;28.08.2023;19.09.2023;Ja
11K06;Lichtenberg;K;Schule am Rathaus;Rathausstr. 8;10367;Anschluss nutzbar;Ja;11.05.2022;02.02.2023;05.05.2023;Ja
11K07;Lichtenberg;K;Vincent-van-Gogh-Schule (Integrierte Sekundarschule);Wustrower Str. 26;13051;Anschluss nutzbar;Ja;18.05.2022;03.06.2022;15.09.2023;Ja
11K08;Lichtenberg;K;George-Orwell-Schule;Sewanstr. 223;10319;Aktive Technik verbaut;Ja;18.08.2022;10.11.2023;19.01.2024;Nein
11K09;Lichtenberg;K;Philipp-Reis-Schule (Integrierte Sekundarschule);Werneuchener Str. 15;13055;Aktive Technik verbaut;Ja;12.08.2022;23.05.2023;07.02.2024;Nein
11K09b;Lichtenberg;K;Philipp-Reis-Schule (Integrierte Sekundarschule);Werneuchener Str. 14;13055;Aktive Technik verbaut;Ja;12.08.2022;23.05.2023;24.01.2024;Nein
11K10;Lichtenberg;K;Grüner Campus Malchow (Gemeinschaftsschule);Malchower Chaussee 2;13051;Anschluss nutzbar;Ja;09.09.2022;18.01.2024;19.03.2024;Ja
11K11;Lichtenberg;K;Paul-Schmidt-Schule (Integrierte Sekundarschule);Malchower Weg 54;13053;Anschluss nutzbar;Ja;12.05.2022;28.07.2022;08.05.2023;Ja
11K12;Lichtenberg;K;Paul-und-Charlotte-Kniese-Schule (Gemeinschaftsschule);Erich-Kurz-Str. 6-10;10319;Anschluss nutzbar;Ja;18.02.2022;28.02.2022;07.04.2022;Ja
11K12b;Lichtenberg;K;Paul-und-Charlotte-Kniese-Schule (Gemeinschaftsschule);Dolgenseestr. 60;10319;Anschluss nutzbar;Ja;08.09.2022;16.04.2024;20.06.2024;Ja
11K13;Lichtenberg;K;13. Schule (Integrierte Sekundarschule);Storkower Straße 209B;10369;Aktive Technik verbaut ohne IHVK;Ja;04.06.2024;28.01.2025;15.04.2025;Nein
11K14;Lichtenberg;K;14. Schule (Integrierte Sekundarschule);Wartiner Str. 1-3;13057;Anschluss nutzbar;Ja;09.09.2022;21.12.2023;05.02.2024;Ja
11K15;Lichtenberg;K;Integrierte Sekundarschule;Allee der Kosmonauten 22/22A;10315;Anschluss nutzbar;Ja;13.11.2023;30.01.2024;13.06.2024;Ja
11K16;Lichtenberg;K;Sekundarschule;Falkenberger Chaussee 74;13053;Aktive Technik verbaut;Ja;;10.06.2025;30.06.2025;Nein
11S02;Lichtenberg;S;Schule am Fennpfuhl;Alfred-Jung-Str. 19;10369;Anschluss nutzbar;Ja;11.05.2022;12.08.2022;17.05.2023;Ja
11S05;Lichtenberg;S;Schule am grünen Grund;Herzbergstr. 79;10365;Anschluss nutzbar;Ja;08.09.2022;04.03.2024;19.03.2024;Ja
11S08;Lichtenberg;S;Schule Am Breiten Luch;Am Breiten Luch 19;13053;Anschluss nutzbar;Ja;25.05.2022;11.09.2023;31.10.2023;Ja
11S12;Lichtenberg;S;Nils-Holgersson-Schule;Otto-Marquardt-Str. 12-14;10369;Anschluss nutzbar;Ja;06.09.2022;08.07.2025;21.07.2025;Ja
11Y02;Lichtenberg;Y;Johann-Gottfried-Herder-Gymnasium;Franz-Jacob-Str. 8;10369;Anschluss nutzbar;Ja;26.08.2022;18.03.2024;11.06.2024;Ja
11Y09;Lichtenberg;Y;Barnim-Gymnasium;Ahrensfelder Chaussee 41;13057;Anschluss nutzbar;Ja;09.09.2022;26.01.2024;28.02.2024;Ja
11Y10;Lichtenberg;Y;Manfred-von-Ardenne-Gymnasium;Werneuchener Str. 27-28;13055;Anschluss nutzbar;Ja;12.08.2022;17.05.2023;27.05.2024;Ja
11Y12;Lichtenberg;Y;Gymnasium;Allee der Kosmonauten 22/22A;10315;Anschluss nutzbar;Ja;13.11.2023;30.01.2024;08.05.2024;Ja
12G01;Reinickendorf;G;Havelmüller-Grundschule;Namslaustr. 49-57;13507;Anschluss nutzbar;Ja;17.08.2022;17.05.2024;05.11.2024;Ja
12G02;Reinickendorf;G;Grundschule am Schäfersee;Baseler Str. 2-6;13407;Anschluss nutzbar;Ja;03.08.2022;13.09.2023;26.01.2024;Ja
12G03;Reinickendorf;G;Reginhard-Grundschule;Letteallee 39-41;13409;Anschluss nutzbar;Ja;24.08.2022;04.01.2025;17.02.2025;Ja
12G04;Reinickendorf;G;Till-Eulenspiegel-Grundschule;Humboldtstr. 8-13;13407;Anschluss nutzbar;Ja;05.10.2022;23.02.2024;17.07.2024;Ja
12G05;Reinickendorf;G;Kolumbus-Grundschule;Büchsenweg 23 A;13409;Anschluss nutzbar;Ja;14.09.2022;02.11.2023;28.06.2024;Ja
12G06;Reinickendorf;G;Hausotter-Grundschule;Hausotterplatz 4;13409;Anschluss nutzbar;Ja;09.11.2022;23.10.2023;19.04.2024;Ja
12G07;Reinickendorf;G;Mark-Twain-Grundschule;Auguste-Viktoria-Allee 95;13403;Anschluss nutzbar;Ja;31.08.2022;28.06.2023;18.12.2024;Ja
12G09;Reinickendorf;G;Grundschule an der Peckwisch;Tornower Weg 26-34;13439;Anschluss nutzbar;Ja;10.08.2022;18.12.2024;18.02.2025;Ja
12G10;Reinickendorf;G;Peter-Witte-Grundschule;Rathauspromenade 75;13437;Anschluss nutzbar;Ja;17.08.2022;12.07.2023;22.01.2024;Ja
12G11;Reinickendorf;G;Ringelnatz-Grundschule;Wilhelm-Gericke-Str. 7-13;13437;Anschluss nutzbar;Ja;03.08.2022;19.07.2023;11.01.2024;Ja
12G12;Reinickendorf;G;Borsigwalder Grundschule;Miraustr. 100;13509;Anschluss nutzbar;Ja;31.08.2022;23.08.2023;17.05.2024;Ja
12G13;Reinickendorf;G;Franz-Marc-Grundschule;Treskowstr. 26-31;13507;Anschluss nutzbar;Ja;14.09.2022;23.08.2023;22.07.2024;Ja
12G14;Reinickendorf;G;Alfred-Brehm-Grundschule;Ascheberger Weg 8 A;13507;Aktive Technik verbaut;Ja;03.08.2022;17.02.2025;25.04.2025;Nein
12G15;Reinickendorf;G;Hoffmann-von-Fallersleben-Grundschule;Ziekowstr. 80-88;13509;Anschluss nutzbar;Ja;31.08.2022;10.02.2025;12.06.2025;Ja
12G17;Reinickendorf;G;Ellef-Ringnes-Grundschule;Im Erpelgrund 11-17;13503;Anschluss nutzbar;Ja;05.10.2022;20.08.2024;20.11.2024;Ja
12G18;Reinickendorf;G;Grundschule am Tegelschen Ort;Gerlindeweg 11-23;13505;Anschluss nutzbar;Ja;18.08.2022;13.07.2023;22.01.2024;Ja
12G19;Reinickendorf;G;Münchhausen-Grundschule;Artemisstr. 22-26;13469;Anschluss nutzbar;Ja;17.08.2022;06.04.2023;30.01.2024;Ja
12G19b;Reinickendorf;G;Münchhausen-Grundschule;Place Moliere 1;13469;Aktive Technik verbaut;Ja;17.08.2022;20.05.2025;28.05.2025;Nein
12G20;Reinickendorf;G;Grundschule am Vierrutenberg;Am Vierrutenberg 59-65;13469;Aktive Technik verbaut;Ja;31.08.2022;01.09.2025;17.09.2025;Nein
12G21;Reinickendorf;G;Grundschule am Fließtal;Seebadstr. 42-43;13467;Begehung durchgeführt;Ja;05.10.2022;;;Nein
12G22;Reinickendorf;G;Gustav-Dreyer-Grundschule;Freiherr-vom-Stein-Str. 31;13467;Anschluss nutzbar;Ja;05.10.2022;27.07.2023;29.01.2024;Ja
12G23;Reinickendorf;G;Victor-Gollancz-Grundschule;Gollanczstr. 18-24;13465;Anschluss nutzbar;Ja;17.08.2022;12.02.2025;11.04.2025;Ja
12G24;Reinickendorf;G;Renée-Sintenis-Grundschule;Laurinsteig 39-45;13465;Anschluss nutzbar;Ja;19.10.2022;27.07.2023;19.01.2024;Ja
12G26;Reinickendorf;G;Märkische Grundschule;Dannenwalder Weg 163-165;13439;Anschluss nutzbar;Ja;10.08.2022;17.03.2025;07.04.2025;Ja
12G27;Reinickendorf;G;Chamisso-Grundschule;Senftenberger Ring 27;13435;Anschluss nutzbar;Ja;26.10.2022;25.07.2023;05.02.2024;Ja
12G28;Reinickendorf;G;Grundschule in den Rollbergen;Waldshuter Zeile 6;13469;Anschluss nutzbar;Ja;03.08.2022;24.05.2024;13.09.2024;Ja
12G29;Reinickendorf;G;Hermann-Schulz-Grundschule;Kienhorststr. 67-79;13403;Anschluss nutzbar;Ja;19.10.2022;26.07.2023;23.01.2024;Ja
12G30;Reinickendorf;G;Reineke-Fuchs-Grundschule;Foxweg 15;13403;Anschluss nutzbar;Ja;16.09.2022;28.07.2023;28.02.2024;Ja
12G32;Reinickendorf;G;Charlie-Chaplin-Grundschule;Wilhelmsruher Damm 90-94;13439;Anschluss nutzbar;Ja;10.08.2022;05.04.2024;09.12.2024;Ja
12G34;Reinickendorf;G;Otfried-Preußler-Grundschule;Schulzendorfer Str. 99;13503;Anschluss nutzbar;Ja;12.12.2022;17.07.2025;08.08.2025;Ja
12K03;Reinickendorf;K;Max-Beckmann-Schule (Integrierte Sekundarschule);Auguste-Viktoria-Allee 37;13403;Anschluss nutzbar;Ja;10.08.2022;04.01.2024;14.06.2024;Ja
12K04;Reinickendorf;K;Paul-Löbe-Schule;Lindauer Allee 23-25;13407;Anschluss nutzbar;Ja;19.10.2022;22.02.2024;15.05.2024;Ja
12K05;Reinickendorf;K;Gustav-Freytag-Schule (Integrierte Sekundarschule);Breitkopfstr. 66-80;13409;Anschluss nutzbar;Ja;19.10.2022;31.01.2025;27.02.2025;Ja
12K06;Reinickendorf;K;Benjamin-Franklin-Schule (Integrierte Sekundarschule);Sommerfelder Str. 5-7;13509;Anschluss nutzbar;Ja;14.08.2022;21.03.2024;22.08.2024;Ja
12K07;Reinickendorf;K;Jean-Krämer-Schule (Integrierte Sekundarschule) Wittenau;Alt-Wittenau 8-12;13437;Anschluss nutzbar;Ja;18.08.2022;22.01.2025;29.04.2025;Ja
12K09;Reinickendorf;K;Carl-Benz-Schule (Integrierte Sekundarschule);Heidenheimer Str. 53-54;13467;Begehung durchgeführt;Ja;17.08.2022;;;Nein
12K10;Reinickendorf;K;Carl-Bosch-Schule;Frohnauer Str. 74-80;13467;Begehung durchgeführt;Ja;09.11.2022;;;Nein
12K11;Reinickendorf;K;Albrecht-Haushofer-Schule;Kurzebracker Weg 40-46;13503;Aktive Technik verbaut;Ja;24.08.2022;16.07.2025;15.08.2025;Nein
12K11b;Reinickendorf;K;Albrecht-Haushofer-Schule;Stolpmünder Weg 45;13503;Aktive Technik verbaut;Ja;24.08.2022;08.01.2025;03.02.2025;Nein
12K12;Reinickendorf;K;Campus Hannah Höch (Gemeinschaftsschule);Finsterwalder Str. 52;13435;Anschluss nutzbar;Ja;26.10.2022;24.08.2023;17.06.2024;Ja
12S01;Reinickendorf;S;Stötzner-Schule;Tietzstr. 26-28;13509;Anschluss nutzbar;Ja;24.08.2022;07.07.2025;15.09.2025;Ja
12S02;Reinickendorf;S;Richard-Keller-Schule;Frohnauer Str. 74-80;13467;Begehung durchgeführt;Ja;16.02.2023;;;Nein
12S03;Reinickendorf;S;Lauterbach-Schule;Senftenberger Ring 41;13435;Anschluss nutzbar;Ja;26.10.2022;17.11.2024;19.12.2024;Ja
12S04;Reinickendorf;S;Schule am Park;Eichborndamm 276-284;13437;Anschluss nutzbar;Ja;18.08.2022;17.10.2024;07.11.2024;Ja
12S05;Reinickendorf;S;Waldseeschule;Olafstr. 32-34;13467;Anschluss nutzbar;Ja;16.02.2023;04.06.2024;15.08.2025;Ja
12S06;Reinickendorf;S;Toulouse-Lautrec-Schule;Miraustr. 126;13509;Anschluss nutzbar;Ja;31.08.2022;02.11.2023;26.06.2024;Ja
12Y02;Reinickendorf;Y;Europäisches Gymnasium Bertha-von-Suttner;Reginhardstraße 172;13409;Anschluss nutzbar;Ja;09.11.2022;07.03.2024;04.09.2024;Ja
12Y03;Reinickendorf;Y;Humboldt-Gymnasium;Hatzfeldtallee 2-4;13509;Anschluss nutzbar;Ja;17.01.2022;11.02.2022;25.03.2022;Ja
12Y03b;Reinickendorf;Y;Humboldt-Gymnasium;Ziekowstr. 161;13509;Anschluss nutzbar;Ja;09.11.2022;22.08.2023;11.04.2024;Ja
12Y04;Reinickendorf;Y;Gabriele-von-Bülow-Gymnasium;Tile-Brügge-Weg 63;13509;Anschluss nutzbar;Ja;24.09.2022;13.07.2023;26.10.2023;Ja
12Y08;Reinickendorf;Y;Thomas-Mann-Gymnasium;Königshorster Str. 10;13439;Anschluss nutzbar;Ja;30.08.2022;15.09.2023;21.03.2024;Ja
01G37;Mitte;G;Heinrich-Seidel-Grundschule;Ramlerstr. 9;13355;Anschluss nutzbar;Ja;02.09.2024;02.09.2024;02.09.2024;Ja
01G07;Mitte;G;GutsMuths-Grundschule;Singerstr. 8;10179;Anschluss nutzbar;Ja;03.09.2024;03.09.2024;03.09.2024;Ja
01K03;Mitte;K;Hemingway-Schule;Stralsunder Str. 57;13355;Anschluss nutzbar;Ja;04.09.2024;04.09.2024;04.09.2024;Ja
01K07;Mitte;K;Lessing-Gymnasium;Gartenstr. 10-17;10115;Anschluss nutzbar;Ja;04.04.2025;04.04.2025;04.04.2025;Ja
01Y08;Mitte;Y;Grundschule Adalbertstraße 53;Schoningstr. 17;13349;Anschluss nutzbar;Ja;06.03.2025;06.03.2025;06.03.2025;Ja
01G49;Mitte;G;Grundschule Adalbertstraße 53;Adalbertstr 53;10179;Anschluss nutzbar;Ja;08.10.2024;08.10.2024;11.12.2024;Ja
01G42;Mitte;G;Anna Lindh - Grundschule;Reinickendorfer Straße 60;13347;Anschluss nutzbar;Ja;28.05.2025;n.n.;28.05.2025;Ja
02G10;Friedrichshain-Kreuzberg;G;Modersohn-Grundschule;Niemannstr. 3;10245;Anschluss nutzbar;Ja;28.06.2024;28.06.2024;28.06.2024;Ja
02G24;Friedrichshain-Kreuzberg;G;Otto-Wels-Grundschule;Alexandrinenstr. 12;10969;Anschluss nutzbar;Ja;03.03.2025;03.03.2025;03.03.2025;Ja
02G27;Friedrichshain-Kreuzberg;G;Hunsruck-Grundschule;Manteuffelstr. 79;10999;Anschluss nutzbar;Ja;25.02.2025;25.02.2025;25.02.2025;Ja
02G31;Friedrichshain-Kreuzberg;G;Adolf-GIaBbrenner-GrundschuIe;Hagelberger Str. 34;10965;Anschluss nutzbar;Ja;05.09.2024;05.09.2024;05.09.2024;Ja
02K07;Friedrichshain-Kreuzberg;K;Georg-Weerth-Schule;Eckertstr.16a;10249;Anschluss nutzbar;Ja;18.06.2024;18.06.2024;18.06.2024;Ja
02G26b;Friedrichshain-Kreuzberg;G;Lemgo-Grundschule, Filiale;Müllenhofstr. 7;10997;Anschluss nutzbar;Ja;07.07.2025;07.07.2025;07.07.2025;Nein
02K08c;Friedrichshain-Kreuzberg;K;Refik-Veseli-Schule, Oberstufe;Wrangelstr. 136;10997;Ausbau abgeschlossen ;Ja;10.11.2025;10.11.2025;10.11.2025;Nein
02S06;Friedrichshain-Kreuzberg;S;Liebmann-Schule;Friedrichstr. 13;10969;Ausbau abgeschlossen ;Ja;11.11.2025;11.11.2025;11.11.2025;Nein
02Y06b;Friedrichshain-Kreuzberg;Y;Leibniz-Gymnasium;Fürbringerstr. 33/34 ;10961;Ausbau abgeschlossen ;Ja;11.07.2025;13.05.2025;11.07.2025;Nein
03G47;Pankow;G;Schule an der Strauchwiese;Mendelstr.54;13187;Anschluss nutzbar;Ja;29.01.2025;29.01.2025;29.01.2025;Ja
03K02;Pankow;K;Kurt-Tucholsky-Schule;Neumannstr. 9-11;13189;Anschluss nutzbar;Ja;26.08.2024;26.08.2024;26.08.2024;Ja
03K05;Pankow;K;Heinz-Brandt-Schule;Langhansstr.120;13086;Anschluss nutzbar;Ja;25.02.2025;25.02.2025;25.02.2025;Ja
03Y03;Pankow;Y;Käthe-Kollwitz-Gymnasium;Dunckerstr. 65-66;10439;Anschluss nutzbar;Ja;10.02.2025;10.02.2025;10.02.2025;Ja
03Y08;Pankow;Y;Carl-von-Ossietzky-Gymnasium;Görschstr.42-44;13187;Anschluss nutzbar;Ja;19.09.2024;19.09.2024;19.09.2024;Ja
03Y13b;Pankow;Y;Felix-Mendelsohn-Bartholdy-Gymnasium (Filiale);Pasteurstr.7-11;10407;Anschluss nutzbar;Ja;14.03.2025;14.03.2025;14.03.2025;Ja
04G18;Charlottenburg-Wilmersdorf;G;Ernst-Habermann-Grundschule;Prinzregentenstr. 33-34;10715;Anschluss nutzbar;Ja;20.09.2024;20.09.2024;20.09.2024;Ja
04K02;Charlottenburg-Wilmersdorf;K;Friedensburg-Schule;Goethestr. 8-9;10623;Anschluss nutzbar;Ja;18.02.2025;18.02.2025;18.02.2025;Ja
04K03;Charlottenburg-Wilmersdorf;K;Robert-Jungk-Schule;Sächsische Str. 58;10707;Anschluss nutzbar;Ja;12.03.2025;12.03.2025;12.03.2025;Ja
04Y07;Charlottenburg-Wilmersdorf;Y;Friedrich-Ebert-Gymnasium;Blissestr. 22;10713;Anschluss nutzbar;Ja;12.03.2025;12.03.2025;12.03.2025;Ja
04Y08;Charlottenburg-Wilmersdorf;Y;Hildegard-Wegscheider-Gymnasium;Lassenstr. 16-20;14193;Anschluss nutzbar;Ja;24.09.2024;24.09.2024;24.09.2024;Ja
05G29;Spandau;G;Mary-Poppins-Grundschule;Am Flugplatz Gatow 20;14089;Anschluss nutzbar;Ja;22.05.2025;22.05.2025;22.05.2025;Ja
05K01;Spandau;K;Martin-Buber-OberschuIe;Im Spektefeld 35;13589;Anschluss nutzbar;Ja;16.09.2024;16.09.2024;16.09.2024;Ja
05K08;Spandau;K;Schule an der Haveldune {lntegrierte Sekundarschule);Jaczostr. 53-67;13595;Anschluss nutzbar;Ja;22.05.2025;22.05.2025;22.05.2025;Ja
05K09;Spandau;K;Schule am Staakener Kleeblatt {lntegrierte Sekundarschule);Brunsbütteler Damm 431-437;13591;Anschluss nutzbar;Ja;10.03.2025;10.03.2025;10.03.2025;Ja
05Y01;Spandau;Y;Freiherr-vom-Stein-Gymnasium;Galenstr. 40-44;13597;Anschluss nutzbar;Ja;21.02.2025;21.02.2025;21.02.2025;Ja
05G32;Spandau;G;Grundschule Fehrbelliner Tor 2;Fehrbelliner Tor 2;13585;Ausbau abgeschlossen ;Ja;10.06.2025;10.06.2025;10.06.2025;Nein
05G33;Spandau;G;Grundschule Heerstr. 580;Heerstr.  580;13591;Begehung durchgeführt;Ja;;;;Nein
06K02;Steglitz-Zehlendorf;K;Wilma-Rudolph-Schule;Am Hegewinkel;14169;Anschluss nutzbar;Ja;24.03.2025;24.03.2025;24.03.2025;Ja
06K04;Steglitz-Zehlendorf;K;Bröndby-Oberschule;Dessauerstr.;12249;Anschluss nutzbar;Ja;21.03.2025;21.03.2025;21.03.2025;Ja
06Y02;Steglitz-Zehlendorf;Y;Droste-Hulshoff-Gymnasium;Schönower Str.;14165;Anschluss nutzbar;Ja;21.07.2025;21.07.2025;21.07.2025;Ja
06Y08;Steglitz-Zehlendorf;Y;Hermann-Ehlers-Gymnasium;Elisenstr.;12169;Anschluss nutzbar;Ja;21.03.2025;21.03.2025;21.03.2025;Ja
06Y11;Steglitz-Zehlendorf;Y;Goethe-Gymnasium Lichterfelde;Drakestr.;12205;Anschluss nutzbar;Ja;24.03.2025;24.03.2025;24.03.2025;Ja
07K01;Tempelhof-Schöneberg;K;Sophie-Scholl-Schule;Elßholzstr. 34/37;10781;Anschluss nutzbar;Ja;04.03.2025;04.03.2025;04.03.2025;Ja
07K02;Tempelhof-Schöneberg;K;Carl-Zeiss-Schule;Barnetstr. 12- 14;12305;Anschluss nutzbar;Ja;15.04.2025;15.04.2025;15.04.2025;Ja
07K03;Tempelhof-Schöneberg;K;Gustav-Heinemann-Schule;Tirschenreuther Ring 48;12279;Anschluss nutzbar;Ja;21.05.2025;21.05.2025;21.05.2025;Ja
07K06;Tempelhof-Schöneberg;K;Georg-von-Giesche-Schule;Hohenstaufenstr. 47/48;10779;Anschluss nutzbar;Ja;06.03.2025;06.03.2025;06.03.2025;Ja
07K07;Tempelhof-Schöneberg;K;Johanna-Eck-Schule;Ringstr. 102-106;12105;Anschluss nutzbar;Ja;04.03.2025;04.03.2025;04.03.2025;Ja
08G03;Neukölln;G;Hans-Fallada-Schule (Grundschule);Harzer Str.;12059;Anschluss nutzbar;Ja;09.04.2025;09.04.2025;09.04.2025;Ja
08K01;Neukölln;K;Walter-Gropius-Schule;Fritz-Erler-Allee;12351;Anschluss nutzbar;Ja;11.04.2025;11.04.2025;11.04.2025;Ja
08K04;Neukölln;K;Heinrich-Mann-Schule;Gerlinger Str.;12353;Anschluss nutzbar;Ja;09.04.2025;09.04.2025;09.04.2025;Ja
08Y02;Neukölln;Y;Albert-Schweitzer-Gymnasium;Karl-Marx-Str.;12043;Anschluss nutzbar;Ja;07.07.2025;07.07.2025;07.07.2025;Ja
08Y03;Neukölln;Y;Albert-Einstein-Gymnasium;Parchimer Allee;12359;Anschluss nutzbar;Ja;03.04.2024;03.04.2024;03.04.2024;Ja
08G38;Neukölln;G;"""Koppelweg""";Koppelweg;12347;Anschluss nutzbar;Ja;;;;Ja
08G23;Neukölln;G;Zürich-Schule ;Bürgerstr.;12347;Anschluss nutzbar;Ja;12.12.2024;12.12.2024;09.01.2025;Ja
08G28b;Neukölln;G;Matthias-Claudius-Schule (Filiale);Pfarrer-Heß-Weg;12355;Anschluss nutzbar;Ja;11.11.2025;11.11.2025;11.11.2025;Ja
09S03;Treptow-Köpenick;S;Albatros-SchuIe;Treskowallee 222;12459;Anschluss nutzbar;Ja;11.04.2025;11.04.2025;11.04.2025;Ja
09Y03;Treptow-Köpenick;Y;Archenhold-Gymnasium;Rudower Str. 7;12557;Anschluss nutzbar;Ja;20.12.2024;20.12.2024;20.12.2024;Ja
09Y04;Treptow-Köpenick;Y;Anne-Frank-Gymnasium;Uranusstr. 17;12524;Anschluss nutzbar;Ja;03.03.2025;03.03.2025;03.03.2025;Ja
09Y05;Treptow-Köpenick;Y;Alexander-van-Humboldt-Gymnasium;Oberspreestr.173;12555;Anschluss nutzbar;Ja;01.04.2025;01.04.2025;01.04.2025;Ja
09Y10;Treptow-Köpenick;Y;Gebrüder-Montgolfier-Gymnasium;Ellernweg 20-22;12487;Anschluss nutzbar;Ja;03.07.2025;03.07.2025;03.07.2025;Ja
10K01;Marzahn-Hellersdorf;K;Rudolf-Virchow-Schule;Glambecker Ring 90;12679;Anschluss nutzbar;Ja;02.02.2025;02.02.2025;02.02.2025;Ja
10K06;Marzahn-Hellersdorf;K;Georg-Klingenberg-Schule;Alberichstr. 24;12683;Anschluss nutzbar;Ja;09.04.2025;09.04.2025;09.04.2025;Ja
10Y01;Marzahn-Hellersdorf;Y;Tagore-Gymnasium;Sella-Hasse-Str. 24;12687;Anschluss nutzbar;Ja;09.04.2025;09.04.2025;09.04.2025;Ja
10Y03;Marzahn-Hellersdorf;Y;Wilhelm-van-Siemens-Gymnasium;Allee der Kosmonauten 134;12683;Anschluss nutzbar;Ja;26.02.2025;26.02.2025;26.02.2025;Ja
10Y11;Marzahn-Hellersdorf;Y;Melanchthon-Gymnasium;Adele-Sandrock-Str. 73-75;12627;Anschluss nutzbar;Ja;02.04.2025;02.04.2025;02.04.2025;Ja
10K14;Marzahn-Hellersdorf;K;"""ISS Bisamstraße""";Landsberger Str. 178;12623;Anschluss nutzbar;Ja;04.09.2025;04.09.2025;04.09.2025;Nein
10G32a;Marzahn-Hellersdorf;G;Kieckemal - Schule (Filiale);Bütower Str. 16;12623;Anschluss nutzbar;Ja;08.10.2024;28.01.2025;28.01.2025;Ja
10XD01;Marzahn-Hellersdorf;S;Errichtung Drehscheibe, Sebnitzer Straße 3;Sebnitzer Str. 3;12627;Anschluss nutzbar;Ja;25.02.2025;07.07.2025;07.07.2025;Nein
10G36a;Marzahn-Hellersdorf;G;Ehem. 36. Grundschule (Container);Louis-Lewin-Str. 40a;12627;Anschluss nutzbar;Ja;14.05.2025;14.05.2025;14.05.2025;Ja
10S04a;Marzahn-Hellersdorf;S;MEB, Schule am Pappelhof;Parsteiner Ring 28;12679;Anschluss nutzbar;Ja;05.09.2024;28.01.2025;28.01.2025;Ja
10Y01a;Marzahn-Hellersdorf;Y;MEB, Tagore-Gymnasium;Landsberger Allee 467a;12679;Anschluss nutzbar;Ja;03.07.2024;08.01.2025;09.01.2025;Ja
10G22a;Marzahn-Hellersdorf;G;Kolibri-Grundschule (Filiale / Container);Riesaer Str. 117a;12627;Anschluss nutzbar;Ja;20.06.2024;13.12.2024;09.01.2025;Ja
10G10a;Marzahn-Hellersdorf;G;MUR Peter-Pan-Grundschule;Franz-Stenzer-Str. 41a;12679;Anschluss nutzbar;Ja;03.07.2024;03.04.2025;03.04.2025;Nein
10G39;Marzahn-Hellersdorf;G;MEB, Neuer Standort;Marzahner Chaussee 165;12681;Anschluss nutzbar;Ja;26.08.2024;13.12.2024;09.01.2025;Ja
11G29;Lichtenberg;;Matibi-Schule {Grundschule);Prendener Str. 15;13059;Anschluss nutzbar;Ja;20.05.2025;20.05.2025;20.05.2025;Ja
11K02;Lichtenberg;;Mildred-Harnack-Schule;Schulze-Boysen-Str. 12;10365;Anschluss nutzbar;Ja;;;;Ja
11K05;Lichtenberg;;Fritz-Reuter-Schule;Prendener Str. 29;13059;Anschluss nutzbar;Ja;01.04.2025;01.04.2025;01.04.2025;Ja
11S07;Lichtenberg;;Carl-von-Linne-Schule;Paul-Junius-Str. 15;10367;Anschluss nutzbar;Ja;13.03.2025;13.03.2025;13.03.2025;Ja
11Y11;Lichtenberg;;Immanuel-Kant-Gymnasium;Lückstr. 63;10317;Anschluss nutzbar;Ja;20.02.2025;20.02.2025;20.02.2025;Ja
11XD01;Lichtenberg;;Errichtung Drehscheibe, Wustrower Straße 22;Wustrower Str. 22;13051;Ausbau abgeschlossen ;Ja;04.09.2025;04.09.2025;04.09.2025;Nein
11K10b;Lichtenberg;;Grüner Campus Malchow;Doberaner Str.  55;13051;Ausbau abgeschlossen ;Ja;10.04.2025;08.07.2025;08.07.2025;Nein
12K01;Reinickendorf;;Julius-Leber-Schule;Treskowstr. 26-31;13507;Anschluss nutzbar;Ja;18.03.2025;18.03.2025;18.03.2025;Ja
12K02;Reinickendorf;;Bettina-von-Arnim-Schule;Senftenberger Ring 49;13435;Anschluss nutzbar;Ja;18.03.2025;18.03.2025;18.03.2025;Ja
12Y01;Reinickendorf;;Friedrich-Engels-Gymnasium;Emmentaler Str. 67;13407;Anschluss nutzbar;Ja;14.03.2025;14.03.2025;14.03.2025;Ja
12Y05;Reinickendorf;;Georg-Herwegh-Gymnasium;Fellbacher Str. 18-19;13467;Anschluss nutzbar;Ja;27.02.2025;27.02.2025;27.02.2025;Ja
12Y07;Reinickendorf;;Romain-Rolland-Gymnasium;Place Moliere 4;13469;Anschluss nutzbar;Ja;13.03.2025;13.03.2025;13.03.2025;Ja
12Y07b;Reinickendorf;;Romain-Rolland-Gymnasium;Hermsdorfer Str. 14;13437;Anschluss nutzbar;Ja;13.03.2025;13.03.2025;13.03.2025;Ja
